24,18,8
#000000,#ffffff,#ffffff,#ffffff,#ffffff,#ffffff,#ffffff,#ffffff,#ffffff,#ffffff,#ffffff,#ffffff,#ffffff,#ffffff,#ffffff,#ffffff,#ffffff,#ffffff,#ffffff,#ffffff,#ffffff,#ffffff,#ffffff,#ffffff
#000000,#ffffff,#ffffff,#ffffff,#ffffff,#ffffff,#ffffff,#ffffff,#ffffff,#ffffff,#ffffff,#ffffff,#ffffff,#ffffff,#ffffff,#ffffff,#ffffff,#ffffff,#ffffff,#ffffff,#ffffff,#ffffff,#ffffff,#ffffff
#000000,#ffffff,#ffffff,#ffffff,#ffffff,#ffffff,#ffffff,#ffffff,#ffffff,#ffffff,#ffffff,#ffffff,#ffffff,#ffffff,#ffffff,#ffffff,#ffffff,#ffffff,#ffffff,#ffffff,#ffffff,#ffffff,#ffffff,#ffffff
#000000,#ffffff,#ffffff,#ffffff,#ffffff,#ffffff,#ffffff,#ffffff,#ffffff,#ffffff,#ffffff,#ffffff,#ffffff,#ffffff,#ffffff,#ffffff,#ffffff,#ffffff,#ffffff,#ffffff,#ffffff,#ffffff,#ffffff,#ffffff
#000000,#ffffff,#ffffff,#ffffff,#ffffff,#ffffff,#ffffff,#ffffff,#ffffff,#ffffff,#ffffff,#ffffff,#ffffff,#ffffff,#ffffff,#ffffff,#ffffff,#ffffff,#ffffff,#ffffff,#ffffff,#ffffff,#ffffff,#ffffff
#000000,#ffffff,#ffffff,#ffffff,#ffffff,#ffffff,#ffffff,#ffffff,#ffffff,#ffffff,#ffffff,#ffffff,#ffffff,#ffffff,#ffffff,#ffffff,#ffffff,#ffffff,#ffffff,#ffffff,#ffffff,#ffffff,#ffffff,#ffffff
#000000,#ffffff,#ffffff,#ffffff,#ffffff,#ffffff,#ffffff,#ffffff,#ffffff,#ffffff,#ffffff,#ffffff,#ffffff,#ffffff,#ffffff,#ffffff,#ffffff,#ffffff,#ffffff,#ffffff,#ffffff,#ffffff,#ffffff,#ffffff
#000000,#ffffff,#ffffff,#ffffff,#ffffff,#ffffff,#ffffff,#ffffff,#ffffff,#ffffff,#ffffff,#ffffff,#ffffff,#ffffff,#ffffff,#ffffff,#ffffff,#ffffff,#ffffff,#ffffff,#ffffff,#ffffff,#ffffff,#ffffff
#000000,#ffffff,#ffffff,#ffffff,#ffffff,#ffffff,#ffffff,#ffffff,#ffffff,#ffffff,#ffffff,#ffffff,#ffffff,#ffffff,#ffffff,#ffffff,#ffffff,#ffffff,#ffffff,#ffffff,#ffffff,#ffffff,#ffffff,#ffffff
#000000,#ffffff,#ffffff,#ffffff,#ffffff,#ffffff,#ffffff,#ffffff,#ffffff,#ffffff,#ffffff,#ffffff,#ffffff,#ffffff,#ffffff,#ffffff,#ffffff,#ffffff,#ffffff,#ffffff,#ffffff,#ffffff,#ffffff,#ffffff
#000000,#ffffff,#ffffff,#ffffff,#ffffff,#ffffff,#ffffff,#ffffff,#ffffff,#ffffff,#ffffff,#ffffff,#ffffff,#ffffff,#ffffff,#ffffff,#ffffff,#ffffff,#ffffff,#ffffff,#ffffff,#ffffff,#ffffff,#ffffff
#000000,#ffffff,#ffffff,#ffffff,#ffffff,#ffffff,#ffffff,#ffffff,#ffffff,#ffffff,#ffffff,#ffffff,#ffffff,#ffffff,#ffffff,#ffffff,#ffffff,#ffffff,#ffffff,#ffffff,#ffffff,#ffffff,#ffffff,#ffffff
#000000,#ffffff,#ffffff,#ffffff,#ffffff,#ffffff,#ffffff,#ffffff,#ffffff,#ffffff,#ffffff,#ffffff,#ffffff,#ffffff,#ffffff,#ffffff,#ffffff,#ffffff,#ffffff,#ffffff,#ffffff,#ffffff,#ffffff,#ffffff
#000000,#ffffff,#ffffff,#ffffff,#ffffff,#ffffff,#ffffff,#ffffff,#ffffff,#ffffff,#ffffff,#ffffff,#ffffff,#ffffff,#ffffff,#ffffff,#ffffff,#ffffff,#ffffff,#ffffff,#ffffff,#ffffff,#ffffff,#ffffff
#000000,#ffffff,#ffffff,#ffffff,#ffffff,#ffffff,#ffffff,#ffffff,#ffffff,#ffffff,#ffffff,#ffffff,#ffffff,#ffffff,#ffffff,#ffffff,#ffffff,#ffffff,#ffffff,#ffffff,#ffffff,#ffffff,#ffffff,#ffffff
#000000,#ffffff,#ffffff,#ffffff,#ffffff,#ffffff,#ffffff,#ffffff,#ffffff,#ffffff,#ffffff,#ffffff,#ffffff,#ffffff,#ffffff,#ffffff,#ffffff,#ffffff,#ffffff,#ffffff,#ffffff,#ffffff,#ffffff,#ffffff
#000000,#ffffff,#ffffff,#ffffff,#ffffff,#ffffff,#ffffff,#ffffff,#ffffff,#ffffff,#ffffff,#ffffff,#ffffff,#ffffff,#ffffff,#ffffff,#ffffff,#ffffff,#ffffff,#ffffff,#ffffff,#ffffff,#ffffff,#ffffff
#000000,#ffffff,#ffffff,#ffffff,#ffffff,#ffffff,#ffffff,#ffffff,#ffffff,#ffffff,#ffffff,#ffffff,#ffffff,#ffffff,#ffffff,#ffffff,#ffffff,#ffffff,#ffffff,#ffffff,#ffffff,#ffffff,#ffffff,#ffffff
#ffffff,#000000,#ffffff,#ffffff,#ffffff,#ffffff,#ffffff,#ffffff,#ffffff,#ffffff,#ffffff,#ffffff,#ffffff,#ffffff,#ffffff,#ffffff,#ffffff,#ffffff,#ffffff,#ffffff,#ffffff,#ffffff,#ffffff,#ffffff
#ffffff,#000000,#ffffff,#ffffff,#ffffff,#ffffff,#ffffff,#ffffff,#ffffff,#ffffff,#ffffff,#ffffff,#ffffff,#ffffff,#ffffff,#ffffff,#ffffff,#ffffff,#ffffff,#ffffff,#ffffff,#ffffff,#ffffff,#ffffff
#ffffff,#000000,#ffffff,#ffffff,#ffffff,#ffffff,#ffffff,#ffffff,#ffffff,#ffffff,#ffffff,#ffffff,#ffffff,#ffffff,#ffffff,#ffffff,#ffffff,#ffffff,#ffffff,#ffffff,#ffffff,#ffffff,#ffffff,#ffffff
#ffffff,#000000,#ffffff,#ffffff,#ffffff,#ffffff,#ffffff,#ffffff,#ffffff,#ffffff,#ffffff,#ffffff,#ffffff,#ffffff,#ffffff,#ffffff,#ffffff,#ffffff,#ffffff,#ffffff,#ffffff,#ffffff,#ffffff,#ffffff
#ffffff,#000000,#ffffff,#ffffff,#ffffff,#ffffff,#ffffff,#ffffff,#ffffff,#ffffff,#ffffff,#ffffff,#ffffff,#ffffff,#ffffff,#ffffff,#ffffff,#ffffff,#ffffff,#ffffff,#ffffff,#ffffff,#ffffff,#ffffff
#ffffff,#000000,#ffffff,#ffffff,#ffffff,#ffffff,#ffffff,#ffffff,#ffffff,#ffffff,#ffffff,#ffffff,#ffffff,#ffffff,#ffffff,#ffffff,#ffffff,#ffffff,#ffffff,#ffffff,#ffffff,#ffffff,#ffffff,#ffffff
#ffffff,#000000,#ffffff,#ffffff,#ffffff,#ffffff,#ffffff,#ffffff,#ffffff,#ffffff,#ffffff,#ffffff,#ffffff,#ffffff,#ffffff,#ffffff,#ffffff,#ffffff,#ffffff,#ffffff,#ffffff,#ffffff,#ffffff,#ffffff
#ffffff,#000000,#ffffff,#ffffff,#ffffff,#ffffff,#ffffff,#ffffff,#ffffff,#ffffff,#ffffff,#ffffff,#ffffff,#ffffff,#ffffff,#ffffff,#ffffff,#ffffff,#ffffff,#ffffff,#ffffff,#ffffff,#ffffff,#ffffff
#ffffff,#000000,#ffffff,#ffffff,#ffffff,#ffffff,#ffffff,#ffffff,#ffffff,#ffffff,#ffffff,#ffffff,#ffffff,#ffffff,#ffffff,#ffffff,#ffffff,#ffffff,#ffffff,#ffffff,#ffffff,#ffffff,#ffffff,#ffffff
#ffffff,#000000,#ffffff,#ffffff,#ffffff,#ffffff,#ffffff,#ffffff,#ffffff,#ffffff,#ffffff,#ffffff,#ffffff,#ffffff,#ffffff,#ffffff,#ffffff,#ffffff,#ffffff,#ffffff,#ffffff,#ffffff,#ffffff,#ffffff
#ffffff,#000000,#ffffff,#ffffff,#ffffff,#ffffff,#ffffff,#ffffff,#ffffff,#ffffff,#ffffff,#ffffff,#ffffff,#ffffff,#ffffff,#ffffff,#ffffff,#ffffff,#ffffff,#ffffff,#ffffff,#ffffff,#ffffff,#ffffff
#ffffff,#000000,#ffffff,#ffffff,#ffffff,#ffffff,#ffffff,#ffffff,#ffffff,#ffffff,#ffffff,#ffffff,#ffffff,#ffffff,#ffffff,#ffffff,#ffffff,#ffffff,#ffffff,#ffffff,#ffffff,#ffffff,#ffffff,#ffffff
#ffffff,#000000,#ffffff,#ffffff,#ffffff,#ffffff,#ffffff,#ffffff,#ffffff,#ffffff,#ffffff,#ffffff,#ffffff,#ffffff,#ffffff,#ffffff,#ffffff,#ffffff,#ffffff,#ffffff,#ffffff,#ffffff,#ffffff,#ffffff
#ffffff,#000000,#ffffff,#ffffff,#ffffff,#ffffff,#ffffff,#ffffff,#ffffff,#ffffff,#ffffff,#ffffff,#ffffff,#ffffff,#ffffff,#ffffff,#ffffff,#ffffff,#ffffff,#ffffff,#ffffff,#ffffff,#ffffff,#ffffff
#ffffff,#000000,#ffffff,#ffffff,#ffffff,#ffffff,#ffffff,#ffffff,#ffffff,#ffffff,#ffffff,#ffffff,#ffffff,#ffffff,#ffffff,#ffffff,#ffffff,#ffffff,#ffffff,#ffffff,#ffffff,#ffffff,#ffffff,#ffffff
#ffffff,#000000,#ffffff,#ffffff,#ffffff,#ffffff,#ffffff,#ffffff,#ffffff,#ffffff,#ffffff,#ffffff,#ffffff,#ffffff,#ffffff,#ffffff,#ffffff,#ffffff,#ffffff,#ffffff,#ffffff,#ffffff,#ffffff,#ffffff
#ffffff,#000000,#ffffff,#ffffff,#ffffff,#ffffff,#ffffff,#ffffff,#ffffff,#ffffff,#ffffff,#ffffff,#ffffff,#ffffff,#ffffff,#ffffff,#ffffff,#ffffff,#ffffff,#ffffff,#ffffff,#ffffff,#ffffff,#ffffff
#ffffff,#000000,#ffffff,#ffffff,#ffffff,#ffffff,#ffffff,#ffffff,#ffffff,#ffffff,#ffffff,#ffffff,#ffffff,#ffffff,#ffffff,#ffffff,#ffffff,#ffffff,#ffffff,#ffffff,#ffffff,#ffffff,#ffffff,#ffffff
#ffffff,#ffffff,#000000,#ffffff,#ffffff,#ffffff,#ffffff,#ffffff,#ffffff,#ffffff,#ffffff,#ffffff,#ffffff,#ffffff,#ffffff,#ffffff,#ffffff,#ffffff,#ffffff,#ffffff,#ffffff,#ffffff,#ffffff,#ffffff
#ffffff,#ffffff,#000000,#ffffff,#ffffff,#ffffff,#ffffff,#ffffff,#ffffff,#ffffff,#ffffff,#ffffff,#ffffff,#ffffff,#ffffff,#ffffff,#ffffff,#ffffff,#ffffff,#ffffff,#ffffff,#ffffff,#ffffff,#ffffff
#ffffff,#ffffff,#000000,#ffffff,#ffffff,#ffffff,#ffffff,#ffffff,#ffffff,#ffffff,#ffffff,#ffffff,#ffffff,#ffffff,#ffffff,#ffffff,#ffffff,#ffffff,#ffffff,#ffffff,#ffffff,#ffffff,#ffffff,#ffffff
#ffffff,#ffffff,#000000,#ffffff,#ffffff,#ffffff,#ffffff,#ffffff,#ffffff,#ffffff,#ffffff,#ffffff,#ffffff,#ffffff,#ffffff,#ffffff,#ffffff,#ffffff,#ffffff,#ffffff,#ffffff,#ffffff,#ffffff,#ffffff
#ffffff,#ffffff,#000000,#ffffff,#ffffff,#ffffff,#ffffff,#ffffff,#ffffff,#ffffff,#ffffff,#ffffff,#ffffff,#ffffff,#ffffff,#ffffff,#ffffff,#ffffff,#ffffff,#ffffff,#ffffff,#ffffff,#ffffff,#ffffff
#ffffff,#ffffff,#000000,#ffffff,#ffffff,#ffffff,#ffffff,#ffffff,#ffffff,#ffffff,#ffffff,#ffffff,#ffffff,#ffffff,#ffffff,#ffffff,#ffffff,#ffffff,#ffffff,#ffffff,#ffffff,#ffffff,#ffffff,#ffffff
#ffffff,#ffffff,#000000,#ffffff,#ffffff,#ffffff,#ffffff,#ffffff,#ffffff,#ffffff,#ffffff,#ffffff,#ffffff,#ffffff,#ffffff,#ffffff,#ffffff,#ffffff,#ffffff,#ffffff,#ffffff,#ffffff,#ffffff,#ffffff
#ffffff,#ffffff,#000000,#ffffff,#ffffff,#ffffff,#ffffff,#ffffff,#ffffff,#ffffff,#ffffff,#ffffff,#ffffff,#ffffff,#ffffff,#ffffff,#ffffff,#ffffff,#ffffff,#ffffff,#ffffff,#ffffff,#ffffff,#ffffff
#ffffff,#ffffff,#000000,#ffffff,#ffffff,#ffffff,#ffffff,#ffffff,#ffffff,#ffffff,#ffffff,#ffffff,#ffffff,#ffffff,#ffffff,#ffffff,#ffffff,#ffffff,#ffffff,#ffffff,#ffffff,#ffffff,#ffffff,#ffffff
#ffffff,#ffffff,#000000,#ffffff,#ffffff,#ffffff,#ffffff,#ffffff,#ffffff,#ffffff,#ffffff,#ffffff,#ffffff,#ffffff,#ffffff,#ffffff,#ffffff,#ffffff,#ffffff,#ffffff,#ffffff,#ffffff,#ffffff,#ffffff
#ffffff,#ffffff,#000000,#ffffff,#ffffff,#ffffff,#ffffff,#ffffff,#ffffff,#ffffff,#ffffff,#ffffff,#ffffff,#ffffff,#ffffff,#ffffff,#ffffff,#ffffff,#ffffff,#ffffff,#ffffff,#ffffff,#ffffff,#ffffff
#ffffff,#ffffff,#000000,#ffffff,#ffffff,#ffffff,#ffffff,#ffffff,#ffffff,#ffffff,#ffffff,#ffffff,#ffffff,#ffffff,#ffffff,#ffffff,#ffffff,#ffffff,#ffffff,#ffffff,#ffffff,#ffffff,#ffffff,#ffffff
#ffffff,#ffffff,#000000,#ffffff,#ffffff,#ffffff,#ffffff,#ffffff,#ffffff,#ffffff,#ffffff,#ffffff,#ffffff,#ffffff,#ffffff,#ffffff,#ffffff,#ffffff,#ffffff,#ffffff,#ffffff,#ffffff,#ffffff,#ffffff
#ffffff,#ffffff,#000000,#ffffff,#ffffff,#ffffff,#ffffff,#ffffff,#ffffff,#ffffff,#ffffff,#ffffff,#ffffff,#ffffff,#ffffff,#ffffff,#ffffff,#ffffff,#ffffff,#ffffff,#ffffff,#ffffff,#ffffff,#ffffff
#ffffff,#ffffff,#000000,#ffffff,#ffffff,#ffffff,#ffffff,#ffffff,#ffffff,#ffffff,#ffffff,#ffffff,#ffffff,#ffffff,#ffffff,#ffffff,#ffffff,#ffffff,#ffffff,#ffffff,#ffffff,#ffffff,#ffffff,#ffffff
#ffffff,#ffffff,#000000,#ffffff,#ffffff,#ffffff,#ffffff,#ffffff,#ffffff,#ffffff,#ffffff,#ffffff,#ffffff,#ffffff,#ffffff,#ffffff,#ffffff,#ffffff,#ffffff,#ffffff,#ffffff,#ffffff,#ffffff,#ffffff
#ffffff,#ffffff,#000000,#ffffff,#ffffff,#ffffff,#ffffff,#ffffff,#ffffff,#ffffff,#ffffff,#ffffff,#ffffff,#ffffff,#ffffff,#ffffff,#ffffff,#ffffff,#ffffff,#ffffff,#ffffff,#ffffff,#ffffff,#ffffff
#ffffff,#ffffff,#000000,#ffffff,#ffffff,#ffffff,#ffffff,#ffffff,#ffffff,#ffffff,#ffffff,#ffffff,#ffffff,#ffffff,#ffffff,#ffffff,#ffffff,#ffffff,#ffffff,#ffffff,#ffffff,#ffffff,#ffffff,#ffffff
#ffffff,#ffffff,#ffffff,#000000,#ffffff,#ffffff,#ffffff,#ffffff,#ffffff,#ffffff,#ffffff,#ffffff,#ffffff,#ffffff,#ffffff,#ffffff,#ffffff,#ffffff,#ffffff,#ffffff,#ffffff,#ffffff,#ffffff,#ffffff
#ffffff,#ffffff,#ffffff,#000000,#ffffff,#ffffff,#ffffff,#ffffff,#ffffff,#ffffff,#ffffff,#ffffff,#ffffff,#ffffff,#ffffff,#ffffff,#ffffff,#ffffff,#ffffff,#ffffff,#ffffff,#ffffff,#ffffff,#ffffff
#ffffff,#ffffff,#ffffff,#000000,#ffffff,#ffffff,#ffffff,#ffffff,#ffffff,#ffffff,#ffffff,#ffffff,#ffffff,#ffffff,#ffffff,#ffffff,#ffffff,#ffffff,#ffffff,#ffffff,#ffffff,#ffffff,#ffffff,#ffffff
#ffffff,#ffffff,#ffffff,#000000,#ffffff,#ffffff,#ffffff,#ffffff,#ffffff,#ffffff,#ffffff,#ffffff,#ffffff,#ffffff,#ffffff,#ffffff,#ffffff,#ffffff,#ffffff,#ffffff,#ffffff,#ffffff,#ffffff,#ffffff
#ffffff,#ffffff,#ffffff,#000000,#ffffff,#ffffff,#ffffff,#ffffff,#ffffff,#ffffff,#ffffff,#ffffff,#ffffff,#ffffff,#ffffff,#ffffff,#ffffff,#ffffff,#ffffff,#ffffff,#ffffff,#ffffff,#ffffff,#ffffff
#ffffff,#ffffff,#ffffff,#000000,#ffffff,#ffffff,#ffffff,#ffffff,#ffffff,#ffffff,#ffffff,#ffffff,#ffffff,#ffffff,#ffffff,#ffffff,#ffffff,#ffffff,#ffffff,#ffffff,#ffffff,#ffffff,#ffffff,#ffffff
#ffffff,#ffffff,#ffffff,#000000,#ffffff,#ffffff,#ffffff,#ffffff,#ffffff,#ffffff,#ffffff,#ffffff,#ffffff,#ffffff,#ffffff,#ffffff,#ffffff,#ffffff,#ffffff,#ffffff,#ffffff,#ffffff,#ffffff,#ffffff
#ffffff,#ffffff,#ffffff,#000000,#ffffff,#ffffff,#ffffff,#ffffff,#ffffff,#ffffff,#ffffff,#ffffff,#ffffff,#ffffff,#ffffff,#ffffff,#ffffff,#ffffff,#ffffff,#ffffff,#ffffff,#ffffff,#ffffff,#ffffff
#ffffff,#ffffff,#ffffff,#000000,#ffffff,#ffffff,#ffffff,#ffffff,#ffffff,#ffffff,#ffffff,#ffffff,#ffffff,#ffffff,#ffffff,#ffffff,#ffffff,#ffffff,#ffffff,#ffffff,#ffffff,#ffffff,#ffffff,#ffffff
#ffffff,#ffffff,#ffffff,#000000,#ffffff,#ffffff,#ffffff,#ffffff,#ffffff,#ffffff,#ffffff,#ffffff,#ffffff,#ffffff,#ffffff,#ffffff,#ffffff,#ffffff,#ffffff,#ffffff,#ffffff,#ffffff,#ffffff,#ffffff
#ffffff,#ffffff,#ffffff,#000000,#ffffff,#ffffff,#ffffff,#ffffff,#ffffff,#ffffff,#ffffff,#ffffff,#ffffff,#ffffff,#ffffff,#ffffff,#ffffff,#ffffff,#ffffff,#ffffff,#ffffff,#ffffff,#ffffff,#ffffff
#ffffff,#ffffff,#ffffff,#000000,#ffffff,#ffffff,#ffffff,#ffffff,#ffffff,#ffffff,#ffffff,#ffffff,#ffffff,#ffffff,#ffffff,#ffffff,#ffffff,#ffffff,#ffffff,#ffffff,#ffffff,#ffffff,#ffffff,#ffffff
#ffffff,#ffffff,#ffffff,#000000,#ffffff,#ffffff,#ffffff,#ffffff,#ffffff,#ffffff,#ffffff,#ffffff,#ffffff,#ffffff,#ffffff,#ffffff,#ffffff,#ffffff,#ffffff,#ffffff,#ffffff,#ffffff,#ffffff,#ffffff
#ffffff,#ffffff,#ffffff,#000000,#ffffff,#ffffff,#ffffff,#ffffff,#ffffff,#ffffff,#ffffff,#ffffff,#ffffff,#ffffff,#ffffff,#ffffff,#ffffff,#ffffff,#ffffff,#ffffff,#ffffff,#ffffff,#ffffff,#ffffff
#ffffff,#ffffff,#ffffff,#000000,#ffffff,#ffffff,#ffffff,#ffffff,#ffffff,#ffffff,#ffffff,#ffffff,#ffffff,#ffffff,#ffffff,#ffffff,#ffffff,#ffffff,#ffffff,#ffffff,#ffffff,#ffffff,#ffffff,#ffffff
#ffffff,#ffffff,#ffffff,#000000,#ffffff,#ffffff,#ffffff,#ffffff,#ffffff,#ffffff,#ffffff,#ffffff,#ffffff,#ffffff,#ffffff,#ffffff,#ffffff,#ffffff,#ffffff,#ffffff,#ffffff,#ffffff,#ffffff,#ffffff
#ffffff,#ffffff,#ffffff,#000000,#ffffff,#ffffff,#ffffff,#ffffff,#ffffff,#ffffff,#ffffff,#ffffff,#ffffff,#ffffff,#ffffff,#ffffff,#ffffff,#ffffff,#ffffff,#ffffff,#ffffff,#ffffff,#ffffff,#ffffff
#ffffff,#ffffff,#ffffff,#000000,#ffffff,#ffffff,#ffffff,#ffffff,#ffffff,#ffffff,#ffffff,#ffffff,#ffffff,#ffffff,#ffffff,#ffffff,#ffffff,#ffffff,#ffffff,#ffffff,#ffffff,#ffffff,#ffffff,#ffffff
#ffffff,#ffffff,#ffffff,#ffffff,#000000,#ffffff,#ffffff,#ffffff,#ffffff,#ffffff,#ffffff,#ffffff,#ffffff,#ffffff,#ffffff,#ffffff,#ffffff,#ffffff,#ffffff,#ffffff,#ffffff,#ffffff,#ffffff,#ffffff
#ffffff,#ffffff,#ffffff,#ffffff,#000000,#ffffff,#ffffff,#ffffff,#ffffff,#ffffff,#ffffff,#ffffff,#ffffff,#ffffff,#ffffff,#ffffff,#ffffff,#ffffff,#ffffff,#ffffff,#ffffff,#ffffff,#ffffff,#ffffff
#ffffff,#ffffff,#ffffff,#ffffff,#000000,#ffffff,#ffffff,#ffffff,#ffffff,#ffffff,#ffffff,#ffffff,#ffffff,#ffffff,#ffffff,#ffffff,#ffffff,#ffffff,#ffffff,#ffffff,#ffffff,#ffffff,#ffffff,#ffffff
#ffffff,#ffffff,#ffffff,#ffffff,#000000,#ffffff,#ffffff,#ffffff,#ffffff,#ffffff,#ffffff,#ffffff,#ffffff,#ffffff,#ffffff,#ffffff,#ffffff,#ffffff,#ffffff,#ffffff,#ffffff,#ffffff,#ffffff,#ffffff
#ffffff,#ffffff,#ffffff,#ffffff,#000000,#ffffff,#ffffff,#ffffff,#ffffff,#ffffff,#ffffff,#ffffff,#ffffff,#ffffff,#ffffff,#ffffff,#ffffff,#ffffff,#ffffff,#ffffff,#ffffff,#ffffff,#ffffff,#ffffff
#ffffff,#ffffff,#ffffff,#ffffff,#000000,#ffffff,#ffffff,#ffffff,#ffffff,#ffffff,#ffffff,#ffffff,#ffffff,#ffffff,#ffffff,#ffffff,#ffffff,#ffffff,#ffffff,#ffffff,#ffffff,#ffffff,#ffffff,#ffffff
#ffffff,#ffffff,#ffffff,#ffffff,#000000,#ffffff,#ffffff,#ffffff,#ffffff,#ffffff,#ffffff,#ffffff,#ffffff,#ffffff,#ffffff,#ffffff,#ffffff,#ffffff,#ffffff,#ffffff,#ffffff,#ffffff,#ffffff,#ffffff
#ffffff,#ffffff,#ffffff,#ffffff,#000000,#ffffff,#ffffff,#ffffff,#ffffff,#ffffff,#ffffff,#ffffff,#ffffff,#ffffff,#ffffff,#ffffff,#ffffff,#ffffff,#ffffff,#ffffff,#ffffff,#ffffff,#ffffff,#ffffff
#ffffff,#ffffff,#ffffff,#ffffff,#000000,#ffffff,#ffffff,#ffffff,#ffffff,#ffffff,#ffffff,#ffffff,#ffffff,#ffffff,#ffffff,#ffffff,#ffffff,#ffffff,#ffffff,#ffffff,#ffffff,#ffffff,#ffffff,#ffffff
#ffffff,#ffffff,#ffffff,#ffffff,#000000,#ffffff,#ffffff,#ffffff,#ffffff,#ffffff,#ffffff,#ffffff,#ffffff,#ffffff,#ffffff,#ffffff,#ffffff,#ffffff,#ffffff,#ffffff,#ffffff,#ffffff,#ffffff,#ffffff
#ffffff,#ffffff,#ffffff,#ffffff,#000000,#ffffff,#ffffff,#ffffff,#ffffff,#ffffff,#ffffff,#ffffff,#ffffff,#ffffff,#ffffff,#ffffff,#ffffff,#ffffff,#ffffff,#ffffff,#ffffff,#ffffff,#ffffff,#ffffff
#ffffff,#ffffff,#ffffff,#ffffff,#000000,#ffffff,#ffffff,#ffffff,#ffffff,#ffffff,#ffffff,#ffffff,#ffffff,#ffffff,#ffffff,#ffffff,#ffffff,#ffffff,#ffffff,#ffffff,#ffffff,#ffffff,#ffffff,#ffffff
#ffffff,#ffffff,#ffffff,#ffffff,#000000,#ffffff,#ffffff,#ffffff,#ffffff,#ffffff,#ffffff,#ffffff,#ffffff,#ffffff,#ffffff,#ffffff,#ffffff,#ffffff,#ffffff,#ffffff,#ffffff,#ffffff,#ffffff,#ffffff
#ffffff,#ffffff,#ffffff,#ffffff,#000000,#ffffff,#ffffff,#ffffff,#ffffff,#ffffff,#ffffff,#ffffff,#ffffff,#ffffff,#ffffff,#ffffff,#ffffff,#ffffff,#ffffff,#ffffff,#ffffff,#ffffff,#ffffff,#ffffff
#ffffff,#ffffff,#ffffff,#ffffff,#000000,#ffffff,#ffffff,#ffffff,#ffffff,#ffffff,#ffffff,#ffffff,#ffffff,#ffffff,#ffffff,#ffffff,#ffffff,#ffffff,#ffffff,#ffffff,#ffffff,#ffffff,#ffffff,#ffffff
#ffffff,#ffffff,#ffffff,#ffffff,#000000,#ffffff,#ffffff,#ffffff,#ffffff,#ffffff,#ffffff,#ffffff,#ffffff,#ffffff,#ffffff,#ffffff,#ffffff,#ffffff,#ffffff,#ffffff,#ffffff,#ffffff,#ffffff,#ffffff
#ffffff,#ffffff,#ffffff,#ffffff,#000000,#ffffff,#ffffff,#ffffff,#ffffff,#ffffff,#ffffff,#ffffff,#ffffff,#ffffff,#ffffff,#ffffff,#ffffff,#ffffff,#ffffff,#ffffff,#ffffff,#ffffff,#ffffff,#ffffff
#ffffff,#ffffff,#ffffff,#ffffff,#000000,#ffffff,#ffffff,#ffffff,#ffffff,#ffffff,#ffffff,#ffffff,#ffffff,#ffffff,#ffffff,#ffffff,#ffffff,#ffffff,#ffffff,#ffffff,#ffffff,#ffffff,#ffffff,#ffffff
#ffffff,#ffffff,#ffffff,#ffffff,#ffffff,#000000,#ffffff,#ffffff,#ffffff,#ffffff,#ffffff,#ffffff,#ffffff,#ffffff,#ffffff,#ffffff,#ffffff,#ffffff,#ffffff,#ffffff,#ffffff,#ffffff,#ffffff,#ffffff
#ffffff,#ffffff,#ffffff,#ffffff,#ffffff,#000000,#ffffff,#ffffff,#ffffff,#ffffff,#ffffff,#ffffff,#ffffff,#ffffff,#ffffff,#ffffff,#ffffff,#ffffff,#ffffff,#ffffff,#ffffff,#ffffff,#ffffff,#ffffff
#ffffff,#ffffff,#ffffff,#ffffff,#ffffff,#000000,#ffffff,#ffffff,#ffffff,#ffffff,#ffffff,#ffffff,#ffffff,#ffffff,#ffffff,#ffffff,#ffffff,#ffffff,#ffffff,#ffffff,#ffffff,#ffffff,#ffffff,#ffffff
#ffffff,#ffffff,#ffffff,#ffffff,#ffffff,#000000,#ffffff,#ffffff,#ffffff,#ffffff,#ffffff,#ffffff,#ffffff,#ffffff,#ffffff,#ffffff,#ffffff,#ffffff,#ffffff,#ffffff,#ffffff,#ffffff,#ffffff,#ffffff
#ffffff,#ffffff,#ffffff,#ffffff,#ffffff,#000000,#ffffff,#ffffff,#ffffff,#ffffff,#ffffff,#ffffff,#ffffff,#ffffff,#ffffff,#ffffff,#ffffff,#ffffff,#ffffff,#ffffff,#ffffff,#ffffff,#ffffff,#ffffff
#ffffff,#ffffff,#ffffff,#ffffff,#ffffff,#000000,#ffffff,#ffffff,#ffffff,#ffffff,#ffffff,#ffffff,#ffffff,#ffffff,#ffffff,#ffffff,#ffffff,#ffffff,#ffffff,#ffffff,#ffffff,#ffffff,#ffffff,#ffffff
#ffffff,#ffffff,#ffffff,#ffffff,#ffffff,#000000,#ffffff,#ffffff,#ffffff,#ffffff,#ffffff,#ffffff,#ffffff,#ffffff,#ffffff,#ffffff,#ffffff,#ffffff,#ffffff,#ffffff,#ffffff,#ffffff,#ffffff,#ffffff
#ffffff,#ffffff,#ffffff,#ffffff,#ffffff,#000000,#ffffff,#ffffff,#ffffff,#ffffff,#ffffff,#ffffff,#ffffff,#ffffff,#ffffff,#ffffff,#ffffff,#ffffff,#ffffff,#ffffff,#ffffff,#ffffff,#ffffff,#ffffff
#ffffff,#ffffff,#ffffff,#ffffff,#ffffff,#000000,#ffffff,#ffffff,#ffffff,#ffffff,#ffffff,#ffffff,#ffffff,#ffffff,#ffffff,#ffffff,#ffffff,#ffffff,#ffffff,#ffffff,#ffffff,#ffffff,#ffffff,#ffffff
#ffffff,#ffffff,#ffffff,#ffffff,#ffffff,#000000,#ffffff,#ffffff,#ffffff,#ffffff,#ffffff,#ffffff,#ffffff,#ffffff,#ffffff,#ffffff,#ffffff,#ffffff,#ffffff,#ffffff,#ffffff,#ffffff,#ffffff,#ffffff
#ffffff,#ffffff,#ffffff,#ffffff,#ffffff,#000000,#ffffff,#ffffff,#ffffff,#ffffff,#ffffff,#ffffff,#ffffff,#ffffff,#ffffff,#ffffff,#ffffff,#ffffff,#ffffff,#ffffff,#ffffff,#ffffff,#ffffff,#ffffff
#ffffff,#ffffff,#ffffff,#ffffff,#ffffff,#000000,#ffffff,#ffffff,#ffffff,#ffffff,#ffffff,#ffffff,#ffffff,#ffffff,#ffffff,#ffffff,#ffffff,#ffffff,#ffffff,#ffffff,#ffffff,#ffffff,#ffffff,#ffffff
#ffffff,#ffffff,#ffffff,#ffffff,#ffffff,#000000,#ffffff,#ffffff,#ffffff,#ffffff,#ffffff,#ffffff,#ffffff,#ffffff,#ffffff,#ffffff,#ffffff,#ffffff,#ffffff,#ffffff,#ffffff,#ffffff,#ffffff,#ffffff
#ffffff,#ffffff,#ffffff,#ffffff,#ffffff,#000000,#ffffff,#ffffff,#ffffff,#ffffff,#ffffff,#ffffff,#ffffff,#ffffff,#ffffff,#ffffff,#ffffff,#ffffff,#ffffff,#ffffff,#ffffff,#ffffff,#ffffff,#ffffff
#ffffff,#ffffff,#ffffff,#ffffff,#ffffff,#000000,#ffffff,#ffffff,#ffffff,#ffffff,#ffffff,#ffffff,#ffffff,#ffffff,#ffffff,#ffffff,#ffffff,#ffffff,#ffffff,#ffffff,#ffffff,#ffffff,#ffffff,#ffffff
#ffffff,#ffffff,#ffffff,#ffffff,#ffffff,#000000,#ffffff,#ffffff,#ffffff,#ffffff,#ffffff,#ffffff,#ffffff,#ffffff,#ffffff,#ffffff,#ffffff,#ffffff,#ffffff,#ffffff,#ffffff,#ffffff,#ffffff,#ffffff
#ffffff,#ffffff,#ffffff,#ffffff,#ffffff,#000000,#ffffff,#ffffff,#ffffff,#ffffff,#ffffff,#ffffff,#ffffff,#ffffff,#ffffff,#ffffff,#ffffff,#ffffff,#ffffff,#ffffff,#ffffff,#ffffff,#ffffff,#ffffff
#ffffff,#ffffff,#ffffff,#ffffff,#ffffff,#000000,#ffffff,#ffffff,#ffffff,#ffffff,#ffffff,#ffffff,#ffffff,#ffffff,#ffffff,#ffffff,#ffffff,#ffffff,#ffffff,#ffffff,#ffffff,#ffffff,#ffffff,#ffffff
#ffffff,#ffffff,#ffffff,#ffffff,#ffffff,#ffffff,#000000,#ffffff,#ffffff,#ffffff,#ffffff,#ffffff,#ffffff,#ffffff,#ffffff,#ffffff,#ffffff,#ffffff,#ffffff,#ffffff,#ffffff,#ffffff,#ffffff,#ffffff
#ffffff,#ffffff,#ffffff,#ffffff,#ffffff,#ffffff,#000000,#ffffff,#ffffff,#ffffff,#ffffff,#ffffff,#ffffff,#ffffff,#ffffff,#ffffff,#ffffff,#ffffff,#ffffff,#ffffff,#ffffff,#ffffff,#ffffff,#ffffff
#ffffff,#ffffff,#ffffff,#ffffff,#ffffff,#ffffff,#000000,#ffffff,#ffffff,#ffffff,#ffffff,#ffffff,#ffffff,#ffffff,#ffffff,#ffffff,#ffffff,#ffffff,#ffffff,#ffffff,#ffffff,#ffffff,#ffffff,#ffffff
#ffffff,#ffffff,#ffffff,#ffffff,#ffffff,#ffffff,#000000,#ffffff,#ffffff,#ffffff,#ffffff,#ffffff,#ffffff,#ffffff,#ffffff,#ffffff,#ffffff,#ffffff,#ffffff,#ffffff,#ffffff,#ffffff,#ffffff,#ffffff
#ffffff,#ffffff,#ffffff,#ffffff,#ffffff,#ffffff,#000000,#ffffff,#ffffff,#ffffff,#ffffff,#ffffff,#ffffff,#ffffff,#ffffff,#ffffff,#ffffff,#ffffff,#ffffff,#ffffff,#ffffff,#ffffff,#ffffff,#ffffff
#ffffff,#ffffff,#ffffff,#ffffff,#ffffff,#ffffff,#000000,#ffffff,#ffffff,#ffffff,#ffffff,#ffffff,#ffffff,#ffffff,#ffffff,#ffffff,#ffffff,#ffffff,#ffffff,#ffffff,#ffffff,#ffffff,#ffffff,#ffffff
#ffffff,#ffffff,#ffffff,#ffffff,#ffffff,#ffffff,#000000,#ffffff,#ffffff,#ffffff,#ffffff,#ffffff,#ffffff,#ffffff,#ffffff,#ffffff,#ffffff,#ffffff,#ffffff,#ffffff,#ffffff,#ffffff,#ffffff,#ffffff
#ffffff,#ffffff,#ffffff,#ffffff,#ffffff,#ffffff,#000000,#ffffff,#ffffff,#ffffff,#ffffff,#ffffff,#ffffff,#ffffff,#ffffff,#ffffff,#ffffff,#ffffff,#ffffff,#ffffff,#ffffff,#ffffff,#ffffff,#ffffff
#ffffff,#ffffff,#ffffff,#ffffff,#ffffff,#ffffff,#000000,#ffffff,#ffffff,#ffffff,#ffffff,#ffffff,#ffffff,#ffffff,#ffffff,#ffffff,#ffffff,#ffffff,#ffffff,#ffffff,#ffffff,#ffffff,#ffffff,#ffffff
#ffffff,#ffffff,#ffffff,#ffffff,#ffffff,#ffffff,#000000,#ffffff,#ffffff,#ffffff,#ffffff,#ffffff,#ffffff,#ffffff,#ffffff,#ffffff,#ffffff,#ffffff,#ffffff,#ffffff,#ffffff,#ffffff,#ffffff,#ffffff
#ffffff,#ffffff,#ffffff,#ffffff,#ffffff,#ffffff,#000000,#ffffff,#ffffff,#ffffff,#ffffff,#ffffff,#ffffff,#ffffff,#ffffff,#ffffff,#ffffff,#ffffff,#ffffff,#ffffff,#ffffff,#ffffff,#ffffff,#ffffff
#ffffff,#ffffff,#ffffff,#ffffff,#ffffff,#ffffff,#000000,#ffffff,#ffffff,#ffffff,#ffffff,#ffffff,#ffffff,#ffffff,#ffffff,#ffffff,#ffffff,#ffffff,#ffffff,#ffffff,#ffffff,#ffffff,#ffffff,#ffffff
#ffffff,#ffffff,#ffffff,#ffffff,#ffffff,#ffffff,#000000,#ffffff,#ffffff,#ffffff,#ffffff,#ffffff,#ffffff,#ffffff,#ffffff,#ffffff,#ffffff,#ffffff,#ffffff,#ffffff,#ffffff,#ffffff,#ffffff,#ffffff
#ffffff,#ffffff,#ffffff,#ffffff,#ffffff,#ffffff,#000000,#ffffff,#ffffff,#ffffff,#ffffff,#ffffff,#ffffff,#ffffff,#ffffff,#ffffff,#ffffff,#ffffff,#ffffff,#ffffff,#ffffff,#ffffff,#ffffff,#ffffff
#ffffff,#ffffff,#ffffff,#ffffff,#ffffff,#ffffff,#000000,#ffffff,#ffffff,#ffffff,#ffffff,#ffffff,#ffffff,#ffffff,#ffffff,#ffffff,#ffffff,#ffffff,#ffffff,#ffffff,#ffffff,#ffffff,#ffffff,#ffffff
#ffffff,#ffffff,#ffffff,#ffffff,#ffffff,#ffffff,#000000,#ffffff,#ffffff,#ffffff,#ffffff,#ffffff,#ffffff,#ffffff,#ffffff,#ffffff,#ffffff,#ffffff,#ffffff,#ffffff,#ffffff,#ffffff,#ffffff,#ffffff
#ffffff,#ffffff,#ffffff,#ffffff,#ffffff,#ffffff,#000000,#ffffff,#ffffff,#ffffff,#ffffff,#ffffff,#ffffff,#ffffff,#ffffff,#ffffff,#ffffff,#ffffff,#ffffff,#ffffff,#ffffff,#ffffff,#ffffff,#ffffff
#ffffff,#ffffff,#ffffff,#ffffff,#ffffff,#ffffff,#000000,#ffffff,#ffffff,#ffffff,#ffffff,#ffffff,#ffffff,#ffffff,#ffffff,#ffffff,#ffffff,#ffffff,#ffffff,#ffffff,#ffffff,#ffffff,#ffffff,#ffffff
#ffffff,#ffffff,#ffffff,#ffffff,#ffffff,#ffffff,#ffffff,#000000,#ffffff,#ffffff,#ffffff,#ffffff,#ffffff,#ffffff,#ffffff,#ffffff,#ffffff,#ffffff,#ffffff,#ffffff,#ffffff,#ffffff,#ffffff,#ffffff
#ffffff,#ffffff,#ffffff,#ffffff,#ffffff,#ffffff,#ffffff,#000000,#ffffff,#ffffff,#ffffff,#ffffff,#ffffff,#ffffff,#ffffff,#ffffff,#ffffff,#ffffff,#ffffff,#ffffff,#ffffff,#ffffff,#ffffff,#ffffff
#ffffff,#ffffff,#ffffff,#ffffff,#ffffff,#ffffff,#ffffff,#000000,#ffffff,#ffffff,#ffffff,#ffffff,#ffffff,#ffffff,#ffffff,#ffffff,#ffffff,#ffffff,#ffffff,#ffffff,#ffffff,#ffffff,#ffffff,#ffffff
#ffffff,#ffffff,#ffffff,#ffffff,#ffffff,#ffffff,#ffffff,#000000,#ffffff,#ffffff,#ffffff,#ffffff,#ffffff,#ffffff,#ffffff,#ffffff,#ffffff,#ffffff,#ffffff,#ffffff,#ffffff,#ffffff,#ffffff,#ffffff
#ffffff,#ffffff,#ffffff,#ffffff,#ffffff,#ffffff,#ffffff,#000000,#ffffff,#ffffff,#ffffff,#ffffff,#ffffff,#ffffff,#ffffff,#ffffff,#ffffff,#ffffff,#ffffff,#ffffff,#ffffff,#ffffff,#ffffff,#ffffff
#ffffff,#ffffff,#ffffff,#ffffff,#ffffff,#ffffff,#ffffff,#000000,#ffffff,#ffffff,#ffffff,#ffffff,#ffffff,#ffffff,#ffffff,#ffffff,#ffffff,#ffffff,#ffffff,#ffffff,#ffffff,#ffffff,#ffffff,#ffffff
#ffffff,#ffffff,#ffffff,#ffffff,#ffffff,#ffffff,#ffffff,#000000,#ffffff,#ffffff,#ffffff,#ffffff,#ffffff,#ffffff,#ffffff,#ffffff,#ffffff,#ffffff,#ffffff,#ffffff,#ffffff,#ffffff,#ffffff,#ffffff
#ffffff,#ffffff,#ffffff,#ffffff,#ffffff,#ffffff,#ffffff,#000000,#ffffff,#ffffff,#ffffff,#ffffff,#ffffff,#ffffff,#ffffff,#ffffff,#ffffff,#ffffff,#ffffff,#ffffff,#ffffff,#ffffff,#ffffff,#ffffff
#ffffff,#ffffff,#ffffff,#ffffff,#ffffff,#ffffff,#ffffff,#000000,#ffffff,#ffffff,#ffffff,#ffffff,#ffffff,#ffffff,#ffffff,#ffffff,#ffffff,#ffffff,#ffffff,#ffffff,#ffffff,#ffffff,#ffffff,#ffffff
#ffffff,#ffffff,#ffffff,#ffffff,#ffffff,#ffffff,#ffffff,#000000,#ffffff,#ffffff,#ffffff,#ffffff,#ffffff,#ffffff,#ffffff,#ffffff,#ffffff,#ffffff,#ffffff,#ffffff,#ffffff,#ffffff,#ffffff,#ffffff
#ffffff,#ffffff,#ffffff,#ffffff,#ffffff,#ffffff,#ffffff,#000000,#ffffff,#ffffff,#ffffff,#ffffff,#ffffff,#ffffff,#ffffff,#ffffff,#ffffff,#ffffff,#ffffff,#ffffff,#ffffff,#ffffff,#ffffff,#ffffff
#ffffff,#ffffff,#ffffff,#ffffff,#ffffff,#ffffff,#ffffff,#000000,#ffffff,#ffffff,#ffffff,#ffffff,#ffffff,#ffffff,#ffffff,#ffffff,#ffffff,#ffffff,#ffffff,#ffffff,#ffffff,#ffffff,#ffffff,#ffffff
#ffffff,#ffffff,#ffffff,#ffffff,#ffffff,#ffffff,#ffffff,#000000,#ffffff,#ffffff,#ffffff,#ffffff,#ffffff,#ffffff,#ffffff,#ffffff,#ffffff,#ffffff,#ffffff,#ffffff,#ffffff,#ffffff,#ffffff,#ffffff
#ffffff,#ffffff,#ffffff,#ffffff,#ffffff,#ffffff,#ffffff,#000000,#ffffff,#ffffff,#ffffff,#ffffff,#ffffff,#ffffff,#ffffff,#ffffff,#ffffff,#ffffff,#ffffff,#ffffff,#ffffff,#ffffff,#ffffff,#ffffff
#ffffff,#ffffff,#ffffff,#ffffff,#ffffff,#ffffff,#ffffff,#000000,#ffffff,#ffffff,#ffffff,#ffffff,#ffffff,#ffffff,#ffffff,#ffffff,#ffffff,#ffffff,#ffffff,#ffffff,#ffffff,#ffffff,#ffffff,#ffffff
#ffffff,#ffffff,#ffffff,#ffffff,#ffffff,#ffffff,#ffffff,#000000,#ffffff,#ffffff,#ffffff,#ffffff,#ffffff,#ffffff,#ffffff,#ffffff,#ffffff,#ffffff,#ffffff,#ffffff,#ffffff,#ffffff,#ffffff,#ffffff
#ffffff,#ffffff,#ffffff,#ffffff,#ffffff,#ffffff,#ffffff,#000000,#ffffff,#ffffff,#ffffff,#ffffff,#ffffff,#ffffff,#ffffff,#ffffff,#ffffff,#ffffff,#ffffff,#ffffff,#ffffff,#ffffff,#ffffff,#ffffff
#ffffff,#ffffff,#ffffff,#ffffff,#ffffff,#ffffff,#ffffff,#000000,#ffffff,#ffffff,#ffffff,#ffffff,#ffffff,#ffffff,#ffffff,#ffffff,#ffffff,#ffffff,#ffffff,#ffffff,#ffffff,#ffffff,#ffffff,#ffffff
#ffffff,#ffffff,#ffffff,#ffffff,#ffffff,#ffffff,#ffffff,#ffffff,#000000,#ffffff,#ffffff,#ffffff,#ffffff,#ffffff,#ffffff,#ffffff,#ffffff,#ffffff,#ffffff,#ffffff,#ffffff,#ffffff,#ffffff,#ffffff
#ffffff,#ffffff,#ffffff,#ffffff,#ffffff,#ffffff,#ffffff,#ffffff,#000000,#ffffff,#ffffff,#ffffff,#ffffff,#ffffff,#ffffff,#ffffff,#ffffff,#ffffff,#ffffff,#ffffff,#ffffff,#ffffff,#ffffff,#ffffff
#ffffff,#ffffff,#ffffff,#ffffff,#ffffff,#ffffff,#ffffff,#ffffff,#000000,#ffffff,#ffffff,#ffffff,#ffffff,#ffffff,#ffffff,#ffffff,#ffffff,#ffffff,#ffffff,#ffffff,#ffffff,#ffffff,#ffffff,#ffffff
#ffffff,#ffffff,#ffffff,#ffffff,#ffffff,#ffffff,#ffffff,#ffffff,#000000,#ffffff,#ffffff,#ffffff,#ffffff,#ffffff,#ffffff,#ffffff,#ffffff,#ffffff,#ffffff,#ffffff,#ffffff,#ffffff,#ffffff,#ffffff
#ffffff,#ffffff,#ffffff,#ffffff,#ffffff,#ffffff,#ffffff,#ffffff,#000000,#ffffff,#ffffff,#ffffff,#ffffff,#ffffff,#ffffff,#ffffff,#ffffff,#ffffff,#ffffff,#ffffff,#ffffff,#ffffff,#ffffff,#ffffff
#ffffff,#ffffff,#ffffff,#ffffff,#ffffff,#ffffff,#ffffff,#ffffff,#000000,#ffffff,#ffffff,#ffffff,#ffffff,#ffffff,#ffffff,#ffffff,#ffffff,#ffffff,#ffffff,#ffffff,#ffffff,#ffffff,#ffffff,#ffffff
#ffffff,#ffffff,#ffffff,#ffffff,#ffffff,#ffffff,#ffffff,#ffffff,#000000,#ffffff,#ffffff,#ffffff,#ffffff,#ffffff,#ffffff,#ffffff,#ffffff,#ffffff,#ffffff,#ffffff,#ffffff,#ffffff,#ffffff,#ffffff
#ffffff,#ffffff,#ffffff,#ffffff,#ffffff,#ffffff,#ffffff,#ffffff,#000000,#ffffff,#ffffff,#ffffff,#ffffff,#ffffff,#ffffff,#ffffff,#ffffff,#ffffff,#ffffff,#ffffff,#ffffff,#ffffff,#ffffff,#ffffff
#ffffff,#ffffff,#ffffff,#ffffff,#ffffff,#ffffff,#ffffff,#ffffff,#000000,#ffffff,#ffffff,#ffffff,#ffffff,#ffffff,#ffffff,#ffffff,#ffffff,#ffffff,#ffffff,#ffffff,#ffffff,#ffffff,#ffffff,#ffffff
#ffffff,#ffffff,#ffffff,#ffffff,#ffffff,#ffffff,#ffffff,#ffffff,#000000,#ffffff,#ffffff,#ffffff,#ffffff,#ffffff,#ffffff,#ffffff,#ffffff,#ffffff,#ffffff,#ffffff,#ffffff,#ffffff,#ffffff,#ffffff
#ffffff,#ffffff,#ffffff,#ffffff,#ffffff,#ffffff,#ffffff,#ffffff,#000000,#ffffff,#ffffff,#ffffff,#ffffff,#ffffff,#ffffff,#ffffff,#ffffff,#ffffff,#ffffff,#ffffff,#ffffff,#ffffff,#ffffff,#ffffff
#ffffff,#ffffff,#ffffff,#ffffff,#ffffff,#ffffff,#ffffff,#ffffff,#000000,#ffffff,#ffffff,#ffffff,#ffffff,#ffffff,#ffffff,#ffffff,#ffffff,#ffffff,#ffffff,#ffffff,#ffffff,#ffffff,#ffffff,#ffffff
#ffffff,#ffffff,#ffffff,#ffffff,#ffffff,#ffffff,#ffffff,#ffffff,#000000,#ffffff,#ffffff,#ffffff,#ffffff,#ffffff,#ffffff,#ffffff,#ffffff,#ffffff,#ffffff,#ffffff,#ffffff,#ffffff,#ffffff,#ffffff
#ffffff,#ffffff,#ffffff,#ffffff,#ffffff,#ffffff,#ffffff,#ffffff,#000000,#ffffff,#ffffff,#ffffff,#ffffff,#ffffff,#ffffff,#ffffff,#ffffff,#ffffff,#ffffff,#ffffff,#ffffff,#ffffff,#ffffff,#ffffff
#ffffff,#ffffff,#ffffff,#ffffff,#ffffff,#ffffff,#ffffff,#ffffff,#000000,#ffffff,#ffffff,#ffffff,#ffffff,#ffffff,#ffffff,#ffffff,#ffffff,#ffffff,#ffffff,#ffffff,#ffffff,#ffffff,#ffffff,#ffffff
#ffffff,#ffffff,#ffffff,#ffffff,#ffffff,#ffffff,#ffffff,#ffffff,#000000,#ffffff,#ffffff,#ffffff,#ffffff,#ffffff,#ffffff,#ffffff,#ffffff,#ffffff,#ffffff,#ffffff,#ffffff,#ffffff,#ffffff,#ffffff
#ffffff,#ffffff,#ffffff,#ffffff,#ffffff,#ffffff,#ffffff,#ffffff,#000000,#ffffff,#ffffff,#ffffff,#ffffff,#ffffff,#ffffff,#ffffff,#ffffff,#ffffff,#ffffff,#ffffff,#ffffff,#ffffff,#ffffff,#ffffff
#ffffff,#ffffff,#ffffff,#ffffff,#ffffff,#ffffff,#ffffff,#ffffff,#000000,#ffffff,#ffffff,#ffffff,#ffffff,#ffffff,#ffffff,#ffffff,#ffffff,#ffffff,#ffffff,#ffffff,#ffffff,#ffffff,#ffffff,#ffffff
#ffffff,#ffffff,#ffffff,#ffffff,#ffffff,#ffffff,#ffffff,#ffffff,#ffffff,#000000,#ffffff,#ffffff,#ffffff,#ffffff,#ffffff,#ffffff,#ffffff,#ffffff,#ffffff,#ffffff,#ffffff,#ffffff,#ffffff,#ffffff
#ffffff,#ffffff,#ffffff,#ffffff,#ffffff,#ffffff,#ffffff,#ffffff,#ffffff,#000000,#ffffff,#ffffff,#ffffff,#ffffff,#ffffff,#ffffff,#ffffff,#ffffff,#ffffff,#ffffff,#ffffff,#ffffff,#ffffff,#ffffff
#ffffff,#ffffff,#ffffff,#ffffff,#ffffff,#ffffff,#ffffff,#ffffff,#ffffff,#000000,#ffffff,#ffffff,#ffffff,#ffffff,#ffffff,#ffffff,#ffffff,#ffffff,#ffffff,#ffffff,#ffffff,#ffffff,#ffffff,#ffffff
#ffffff,#ffffff,#ffffff,#ffffff,#ffffff,#ffffff,#ffffff,#ffffff,#ffffff,#000000,#ffffff,#ffffff,#ffffff,#ffffff,#ffffff,#ffffff,#ffffff,#ffffff,#ffffff,#ffffff,#ffffff,#ffffff,#ffffff,#ffffff
#ffffff,#ffffff,#ffffff,#ffffff,#ffffff,#ffffff,#ffffff,#ffffff,#ffffff,#000000,#ffffff,#ffffff,#ffffff,#ffffff,#ffffff,#ffffff,#ffffff,#ffffff,#ffffff,#ffffff,#ffffff,#ffffff,#ffffff,#ffffff
#ffffff,#ffffff,#ffffff,#ffffff,#ffffff,#ffffff,#ffffff,#ffffff,#ffffff,#000000,#ffffff,#ffffff,#ffffff,#ffffff,#ffffff,#ffffff,#ffffff,#ffffff,#ffffff,#ffffff,#ffffff,#ffffff,#ffffff,#ffffff
#ffffff,#ffffff,#ffffff,#ffffff,#ffffff,#ffffff,#ffffff,#ffffff,#ffffff,#000000,#ffffff,#ffffff,#ffffff,#ffffff,#ffffff,#ffffff,#ffffff,#ffffff,#ffffff,#ffffff,#ffffff,#ffffff,#ffffff,#ffffff
#ffffff,#ffffff,#ffffff,#ffffff,#ffffff,#ffffff,#ffffff,#ffffff,#ffffff,#000000,#ffffff,#ffffff,#ffffff,#ffffff,#ffffff,#ffffff,#ffffff,#ffffff,#ffffff,#ffffff,#ffffff,#ffffff,#ffffff,#ffffff
#ffffff,#ffffff,#ffffff,#ffffff,#ffffff,#ffffff,#ffffff,#ffffff,#ffffff,#000000,#ffffff,#ffffff,#ffffff,#ffffff,#ffffff,#ffffff,#ffffff,#ffffff,#ffffff,#ffffff,#ffffff,#ffffff,#ffffff,#ffffff
#ffffff,#ffffff,#ffffff,#ffffff,#ffffff,#ffffff,#ffffff,#ffffff,#ffffff,#000000,#ffffff,#ffffff,#ffffff,#ffffff,#ffffff,#ffffff,#ffffff,#ffffff,#ffffff,#ffffff,#ffffff,#ffffff,#ffffff,#ffffff
#ffffff,#ffffff,#ffffff,#ffffff,#ffffff,#ffffff,#ffffff,#ffffff,#ffffff,#000000,#ffffff,#ffffff,#ffffff,#ffffff,#ffffff,#ffffff,#ffffff,#ffffff,#ffffff,#ffffff,#ffffff,#ffffff,#ffffff,#ffffff
#ffffff,#ffffff,#ffffff,#ffffff,#ffffff,#ffffff,#ffffff,#ffffff,#ffffff,#000000,#ffffff,#ffffff,#ffffff,#ffffff,#ffffff,#ffffff,#ffffff,#ffffff,#ffffff,#ffffff,#ffffff,#ffffff,#ffffff,#ffffff
#ffffff,#ffffff,#ffffff,#ffffff,#ffffff,#ffffff,#ffffff,#ffffff,#ffffff,#000000,#ffffff,#ffffff,#ffffff,#ffffff,#ffffff,#ffffff,#ffffff,#ffffff,#ffffff,#ffffff,#ffffff,#ffffff,#ffffff,#ffffff
#ffffff,#ffffff,#ffffff,#ffffff,#ffffff,#ffffff,#ffffff,#ffffff,#ffffff,#000000,#ffffff,#ffffff,#ffffff,#ffffff,#ffffff,#ffffff,#ffffff,#ffffff,#ffffff,#ffffff,#ffffff,#ffffff,#ffffff,#ffffff
#ffffff,#ffffff,#ffffff,#ffffff,#ffffff,#ffffff,#ffffff,#ffffff,#ffffff,#000000,#ffffff,#ffffff,#ffffff,#ffffff,#ffffff,#ffffff,#ffffff,#ffffff,#ffffff,#ffffff,#ffffff,#ffffff,#ffffff,#ffffff
#ffffff,#ffffff,#ffffff,#ffffff,#ffffff,#ffffff,#ffffff,#ffffff,#ffffff,#000000,#ffffff,#ffffff,#ffffff,#ffffff,#ffffff,#ffffff,#ffffff,#ffffff,#ffffff,#ffffff,#ffffff,#ffffff,#ffffff,#ffffff
#ffffff,#ffffff,#ffffff,#ffffff,#ffffff,#ffffff,#ffffff,#ffffff,#ffffff,#000000,#ffffff,#ffffff,#ffffff,#ffffff,#ffffff,#ffffff,#ffffff,#ffffff,#ffffff,#ffffff,#ffffff,#ffffff,#ffffff,#ffffff
#ffffff,#ffffff,#ffffff,#ffffff,#ffffff,#ffffff,#ffffff,#ffffff,#ffffff,#000000,#ffffff,#ffffff,#ffffff,#ffffff,#ffffff,#ffffff,#ffffff,#ffffff,#ffffff,#ffffff,#ffffff,#ffffff,#ffffff,#ffffff
#ffffff,#ffffff,#ffffff,#ffffff,#ffffff,#ffffff,#ffffff,#ffffff,#ffffff,#ffffff,#000000,#ffffff,#ffffff,#ffffff,#ffffff,#ffffff,#ffffff,#ffffff,#ffffff,#ffffff,#ffffff,#ffffff,#ffffff,#ffffff
#ffffff,#ffffff,#ffffff,#ffffff,#ffffff,#ffffff,#ffffff,#ffffff,#ffffff,#ffffff,#000000,#ffffff,#ffffff,#ffffff,#ffffff,#ffffff,#ffffff,#ffffff,#ffffff,#ffffff,#ffffff,#ffffff,#ffffff,#ffffff
#ffffff,#ffffff,#ffffff,#ffffff,#ffffff,#ffffff,#ffffff,#ffffff,#ffffff,#ffffff,#000000,#ffffff,#ffffff,#ffffff,#ffffff,#ffffff,#ffffff,#ffffff,#ffffff,#ffffff,#ffffff,#ffffff,#ffffff,#ffffff
#ffffff,#ffffff,#ffffff,#ffffff,#ffffff,#ffffff,#ffffff,#ffffff,#ffffff,#ffffff,#000000,#ffffff,#ffffff,#ffffff,#ffffff,#ffffff,#ffffff,#ffffff,#ffffff,#ffffff,#ffffff,#ffffff,#ffffff,#ffffff
#ffffff,#ffffff,#ffffff,#ffffff,#ffffff,#ffffff,#ffffff,#ffffff,#ffffff,#ffffff,#000000,#ffffff,#ffffff,#ffffff,#ffffff,#ffffff,#ffffff,#ffffff,#ffffff,#ffffff,#ffffff,#ffffff,#ffffff,#ffffff
#ffffff,#ffffff,#ffffff,#ffffff,#ffffff,#ffffff,#ffffff,#ffffff,#ffffff,#ffffff,#000000,#ffffff,#ffffff,#ffffff,#ffffff,#ffffff,#ffffff,#ffffff,#ffffff,#ffffff,#ffffff,#ffffff,#ffffff,#ffffff
#ffffff,#ffffff,#ffffff,#ffffff,#ffffff,#ffffff,#ffffff,#ffffff,#ffffff,#ffffff,#000000,#ffffff,#ffffff,#ffffff,#ffffff,#ffffff,#ffffff,#ffffff,#ffffff,#ffffff,#ffffff,#ffffff,#ffffff,#ffffff
#ffffff,#ffffff,#ffffff,#ffffff,#ffffff,#ffffff,#ffffff,#ffffff,#ffffff,#ffffff,#000000,#ffffff,#ffffff,#ffffff,#ffffff,#ffffff,#ffffff,#ffffff,#ffffff,#ffffff,#ffffff,#ffffff,#ffffff,#ffffff
#ffffff,#ffffff,#ffffff,#ffffff,#ffffff,#ffffff,#ffffff,#ffffff,#ffffff,#ffffff,#000000,#ffffff,#ffffff,#ffffff,#ffffff,#ffffff,#ffffff,#ffffff,#ffffff,#ffffff,#ffffff,#ffffff,#ffffff,#ffffff
#ffffff,#ffffff,#ffffff,#ffffff,#ffffff,#ffffff,#ffffff,#ffffff,#ffffff,#ffffff,#000000,#ffffff,#ffffff,#ffffff,#ffffff,#ffffff,#ffffff,#ffffff,#ffffff,#ffffff,#ffffff,#ffffff,#ffffff,#ffffff
#ffffff,#ffffff,#ffffff,#ffffff,#ffffff,#ffffff,#ffffff,#ffffff,#ffffff,#ffffff,#000000,#ffffff,#ffffff,#ffffff,#ffffff,#ffffff,#ffffff,#ffffff,#ffffff,#ffffff,#ffffff,#ffffff,#ffffff,#ffffff
#ffffff,#ffffff,#ffffff,#ffffff,#ffffff,#ffffff,#ffffff,#ffffff,#ffffff,#ffffff,#000000,#ffffff,#ffffff,#ffffff,#ffffff,#ffffff,#ffffff,#ffffff,#ffffff,#ffffff,#ffffff,#ffffff,#ffffff,#ffffff
#ffffff,#ffffff,#ffffff,#ffffff,#ffffff,#ffffff,#ffffff,#ffffff,#ffffff,#ffffff,#000000,#ffffff,#ffffff,#ffffff,#ffffff,#ffffff,#ffffff,#ffffff,#ffffff,#ffffff,#ffffff,#ffffff,#ffffff,#ffffff
#ffffff,#ffffff,#ffffff,#ffffff,#ffffff,#ffffff,#ffffff,#ffffff,#ffffff,#ffffff,#000000,#ffffff,#ffffff,#ffffff,#ffffff,#ffffff,#ffffff,#ffffff,#ffffff,#ffffff,#ffffff,#ffffff,#ffffff,#ffffff
#ffffff,#ffffff,#ffffff,#ffffff,#ffffff,#ffffff,#ffffff,#ffffff,#ffffff,#ffffff,#000000,#ffffff,#ffffff,#ffffff,#ffffff,#ffffff,#ffffff,#ffffff,#ffffff,#ffffff,#ffffff,#ffffff,#ffffff,#ffffff
#ffffff,#ffffff,#ffffff,#ffffff,#ffffff,#ffffff,#ffffff,#ffffff,#ffffff,#ffffff,#000000,#ffffff,#ffffff,#ffffff,#ffffff,#ffffff,#ffffff,#ffffff,#ffffff,#ffffff,#ffffff,#ffffff,#ffffff,#ffffff
#ffffff,#ffffff,#ffffff,#ffffff,#ffffff,#ffffff,#ffffff,#ffffff,#ffffff,#ffffff,#000000,#ffffff,#ffffff,#ffffff,#ffffff,#ffffff,#ffffff,#ffffff,#ffffff,#ffffff,#ffffff,#ffffff,#ffffff,#ffffff
#ffffff,#ffffff,#ffffff,#ffffff,#ffffff,#ffffff,#ffffff,#ffffff,#ffffff,#ffffff,#000000,#ffffff,#ffffff,#ffffff,#ffffff,#ffffff,#ffffff,#ffffff,#ffffff,#ffffff,#ffffff,#ffffff,#ffffff,#ffffff
#ffffff,#ffffff,#ffffff,#ffffff,#ffffff,#ffffff,#ffffff,#ffffff,#ffffff,#ffffff,#ffffff,#000000,#ffffff,#ffffff,#ffffff,#ffffff,#ffffff,#ffffff,#ffffff,#ffffff,#ffffff,#ffffff,#ffffff,#ffffff
#ffffff,#ffffff,#ffffff,#ffffff,#ffffff,#ffffff,#ffffff,#ffffff,#ffffff,#ffffff,#ffffff,#000000,#ffffff,#ffffff,#ffffff,#ffffff,#ffffff,#ffffff,#ffffff,#ffffff,#ffffff,#ffffff,#ffffff,#ffffff
#ffffff,#ffffff,#ffffff,#ffffff,#ffffff,#ffffff,#ffffff,#ffffff,#ffffff,#ffffff,#ffffff,#000000,#ffffff,#ffffff,#ffffff,#ffffff,#ffffff,#ffffff,#ffffff,#ffffff,#ffffff,#ffffff,#ffffff,#ffffff
#ffffff,#ffffff,#ffffff,#ffffff,#ffffff,#ffffff,#ffffff,#ffffff,#ffffff,#ffffff,#ffffff,#000000,#ffffff,#ffffff,#ffffff,#ffffff,#ffffff,#ffffff,#ffffff,#ffffff,#ffffff,#ffffff,#ffffff,#ffffff
#ffffff,#ffffff,#ffffff,#ffffff,#ffffff,#ffffff,#ffffff,#ffffff,#ffffff,#ffffff,#ffffff,#000000,#ffffff,#ffffff,#ffffff,#ffffff,#ffffff,#ffffff,#ffffff,#ffffff,#ffffff,#ffffff,#ffffff,#ffffff
#ffffff,#ffffff,#ffffff,#ffffff,#ffffff,#ffffff,#ffffff,#ffffff,#ffffff,#ffffff,#ffffff,#000000,#ffffff,#ffffff,#ffffff,#ffffff,#ffffff,#ffffff,#ffffff,#ffffff,#ffffff,#ffffff,#ffffff,#ffffff
#ffffff,#ffffff,#ffffff,#ffffff,#ffffff,#ffffff,#ffffff,#ffffff,#ffffff,#ffffff,#ffffff,#000000,#ffffff,#ffffff,#ffffff,#ffffff,#ffffff,#ffffff,#ffffff,#ffffff,#ffffff,#ffffff,#ffffff,#ffffff
#ffffff,#ffffff,#ffffff,#ffffff,#ffffff,#ffffff,#ffffff,#ffffff,#ffffff,#ffffff,#ffffff,#000000,#ffffff,#ffffff,#ffffff,#ffffff,#ffffff,#ffffff,#ffffff,#ffffff,#ffffff,#ffffff,#ffffff,#ffffff
#ffffff,#ffffff,#ffffff,#ffffff,#ffffff,#ffffff,#ffffff,#ffffff,#ffffff,#ffffff,#ffffff,#000000,#ffffff,#ffffff,#ffffff,#ffffff,#ffffff,#ffffff,#ffffff,#ffffff,#ffffff,#ffffff,#ffffff,#ffffff
#ffffff,#ffffff,#ffffff,#ffffff,#ffffff,#ffffff,#ffffff,#ffffff,#ffffff,#ffffff,#ffffff,#000000,#ffffff,#ffffff,#ffffff,#ffffff,#ffffff,#ffffff,#ffffff,#ffffff,#ffffff,#ffffff,#ffffff,#ffffff
#ffffff,#ffffff,#ffffff,#ffffff,#ffffff,#ffffff,#ffffff,#ffffff,#ffffff,#ffffff,#ffffff,#000000,#ffffff,#ffffff,#ffffff,#ffffff,#ffffff,#ffffff,#ffffff,#ffffff,#ffffff,#ffffff,#ffffff,#ffffff
#ffffff,#ffffff,#ffffff,#ffffff,#ffffff,#ffffff,#ffffff,#ffffff,#ffffff,#ffffff,#ffffff,#000000,#ffffff,#ffffff,#ffffff,#ffffff,#ffffff,#ffffff,#ffffff,#ffffff,#ffffff,#ffffff,#ffffff,#ffffff
#ffffff,#ffffff,#ffffff,#ffffff,#ffffff,#ffffff,#ffffff,#ffffff,#ffffff,#ffffff,#ffffff,#000000,#ffffff,#ffffff,#ffffff,#ffffff,#ffffff,#ffffff,#ffffff,#ffffff,#ffffff,#ffffff,#ffffff,#ffffff
#ffffff,#ffffff,#ffffff,#ffffff,#ffffff,#ffffff,#ffffff,#ffffff,#ffffff,#ffffff,#ffffff,#000000,#ffffff,#ffffff,#ffffff,#ffffff,#ffffff,#ffffff,#ffffff,#ffffff,#ffffff,#ffffff,#ffffff,#ffffff
#ffffff,#ffffff,#ffffff,#ffffff,#ffffff,#ffffff,#ffffff,#ffffff,#ffffff,#ffffff,#ffffff,#000000,#ffffff,#ffffff,#ffffff,#ffffff,#ffffff,#ffffff,#ffffff,#ffffff,#ffffff,#ffffff,#ffffff,#ffffff
#ffffff,#ffffff,#ffffff,#ffffff,#ffffff,#ffffff,#ffffff,#ffffff,#ffffff,#ffffff,#ffffff,#000000,#ffffff,#ffffff,#ffffff,#ffffff,#ffffff,#ffffff,#ffffff,#ffffff,#ffffff,#ffffff,#ffffff,#ffffff
#ffffff,#ffffff,#ffffff,#ffffff,#ffffff,#ffffff,#ffffff,#ffffff,#ffffff,#ffffff,#ffffff,#000000,#ffffff,#ffffff,#ffffff,#ffffff,#ffffff,#ffffff,#ffffff,#ffffff,#ffffff,#ffffff,#ffffff,#ffffff
#ffffff,#ffffff,#ffffff,#ffffff,#ffffff,#ffffff,#ffffff,#ffffff,#ffffff,#ffffff,#ffffff,#000000,#ffffff,#ffffff,#ffffff,#ffffff,#ffffff,#ffffff,#ffffff,#ffffff,#ffffff,#ffffff,#ffffff,#ffffff
#ffffff,#ffffff,#ffffff,#ffffff,#ffffff,#ffffff,#ffffff,#ffffff,#ffffff,#ffffff,#ffffff,#ffffff,#000000,#ffffff,#ffffff,#ffffff,#ffffff,#ffffff,#ffffff,#ffffff,#ffffff,#ffffff,#ffffff,#ffffff
#ffffff,#ffffff,#ffffff,#ffffff,#ffffff,#ffffff,#ffffff,#ffffff,#ffffff,#ffffff,#ffffff,#ffffff,#000000,#ffffff,#ffffff,#ffffff,#ffffff,#ffffff,#ffffff,#ffffff,#ffffff,#ffffff,#ffffff,#ffffff
#ffffff,#ffffff,#ffffff,#ffffff,#ffffff,#ffffff,#ffffff,#ffffff,#ffffff,#ffffff,#ffffff,#ffffff,#000000,#ffffff,#ffffff,#ffffff,#ffffff,#ffffff,#ffffff,#ffffff,#ffffff,#ffffff,#ffffff,#ffffff
#ffffff,#ffffff,#ffffff,#ffffff,#ffffff,#ffffff,#ffffff,#ffffff,#ffffff,#ffffff,#ffffff,#ffffff,#000000,#ffffff,#ffffff,#ffffff,#ffffff,#ffffff,#ffffff,#ffffff,#ffffff,#ffffff,#ffffff,#ffffff
#ffffff,#ffffff,#ffffff,#ffffff,#ffffff,#ffffff,#ffffff,#ffffff,#ffffff,#ffffff,#ffffff,#ffffff,#000000,#ffffff,#ffffff,#ffffff,#ffffff,#ffffff,#ffffff,#ffffff,#ffffff,#ffffff,#ffffff,#ffffff
#ffffff,#ffffff,#ffffff,#ffffff,#ffffff,#ffffff,#ffffff,#ffffff,#ffffff,#ffffff,#ffffff,#ffffff,#000000,#ffffff,#ffffff,#ffffff,#ffffff,#ffffff,#ffffff,#ffffff,#ffffff,#ffffff,#ffffff,#ffffff
#ffffff,#ffffff,#ffffff,#ffffff,#ffffff,#ffffff,#ffffff,#ffffff,#ffffff,#ffffff,#ffffff,#ffffff,#000000,#ffffff,#ffffff,#ffffff,#ffffff,#ffffff,#ffffff,#ffffff,#ffffff,#ffffff,#ffffff,#ffffff
#ffffff,#ffffff,#ffffff,#ffffff,#ffffff,#ffffff,#ffffff,#ffffff,#ffffff,#ffffff,#ffffff,#ffffff,#000000,#ffffff,#ffffff,#ffffff,#ffffff,#ffffff,#ffffff,#ffffff,#ffffff,#ffffff,#ffffff,#ffffff
#ffffff,#ffffff,#ffffff,#ffffff,#ffffff,#ffffff,#ffffff,#ffffff,#ffffff,#ffffff,#ffffff,#ffffff,#000000,#ffffff,#ffffff,#ffffff,#ffffff,#ffffff,#ffffff,#ffffff,#ffffff,#ffffff,#ffffff,#ffffff
#ffffff,#ffffff,#ffffff,#ffffff,#ffffff,#ffffff,#ffffff,#ffffff,#ffffff,#ffffff,#ffffff,#ffffff,#000000,#ffffff,#ffffff,#ffffff,#ffffff,#ffffff,#ffffff,#ffffff,#ffffff,#ffffff,#ffffff,#ffffff
#ffffff,#ffffff,#ffffff,#ffffff,#ffffff,#ffffff,#ffffff,#ffffff,#ffffff,#ffffff,#ffffff,#ffffff,#000000,#ffffff,#ffffff,#ffffff,#ffffff,#ffffff,#ffffff,#ffffff,#ffffff,#ffffff,#ffffff,#ffffff
#ffffff,#ffffff,#ffffff,#ffffff,#ffffff,#ffffff,#ffffff,#ffffff,#ffffff,#ffffff,#ffffff,#ffffff,#000000,#ffffff,#ffffff,#ffffff,#ffffff,#ffffff,#ffffff,#ffffff,#ffffff,#ffffff,#ffffff,#ffffff
#ffffff,#ffffff,#ffffff,#ffffff,#ffffff,#ffffff,#ffffff,#ffffff,#ffffff,#ffffff,#ffffff,#ffffff,#000000,#ffffff,#ffffff,#ffffff,#ffffff,#ffffff,#ffffff,#ffffff,#ffffff,#ffffff,#ffffff,#ffffff
#ffffff,#ffffff,#ffffff,#ffffff,#ffffff,#ffffff,#ffffff,#ffffff,#ffffff,#ffffff,#ffffff,#ffffff,#000000,#ffffff,#ffffff,#ffffff,#ffffff,#ffffff,#ffffff,#ffffff,#ffffff,#ffffff,#ffffff,#ffffff
#ffffff,#ffffff,#ffffff,#ffffff,#ffffff,#ffffff,#ffffff,#ffffff,#ffffff,#ffffff,#ffffff,#ffffff,#000000,#ffffff,#ffffff,#ffffff,#ffffff,#ffffff,#ffffff,#ffffff,#ffffff,#ffffff,#ffffff,#ffffff
#ffffff,#ffffff,#ffffff,#ffffff,#ffffff,#ffffff,#ffffff,#ffffff,#ffffff,#ffffff,#ffffff,#ffffff,#000000,#ffffff,#ffffff,#ffffff,#ffffff,#ffffff,#ffffff,#ffffff,#ffffff,#ffffff,#ffffff,#ffffff
#ffffff,#ffffff,#ffffff,#ffffff,#ffffff,#ffffff,#ffffff,#ffffff,#ffffff,#ffffff,#ffffff,#ffffff,#000000,#ffffff,#ffffff,#ffffff,#ffffff,#ffffff,#ffffff,#ffffff,#ffffff,#ffffff,#ffffff,#ffffff
#ffffff,#ffffff,#ffffff,#ffffff,#ffffff,#ffffff,#ffffff,#ffffff,#ffffff,#ffffff,#ffffff,#ffffff,#000000,#ffffff,#ffffff,#ffffff,#ffffff,#ffffff,#ffffff,#ffffff,#ffffff,#ffffff,#ffffff,#ffffff
#ffffff,#ffffff,#ffffff,#ffffff,#ffffff,#ffffff,#ffffff,#ffffff,#ffffff,#ffffff,#ffffff,#ffffff,#ffffff,#000000,#ffffff,#ffffff,#ffffff,#ffffff,#ffffff,#ffffff,#ffffff,#ffffff,#ffffff,#ffffff
#ffffff,#ffffff,#ffffff,#ffffff,#ffffff,#ffffff,#ffffff,#ffffff,#ffffff,#ffffff,#ffffff,#ffffff,#ffffff,#000000,#ffffff,#ffffff,#ffffff,#ffffff,#ffffff,#ffffff,#ffffff,#ffffff,#ffffff,#ffffff
#ffffff,#ffffff,#ffffff,#ffffff,#ffffff,#ffffff,#ffffff,#ffffff,#ffffff,#ffffff,#ffffff,#ffffff,#ffffff,#000000,#ffffff,#ffffff,#ffffff,#ffffff,#ffffff,#ffffff,#ffffff,#ffffff,#ffffff,#ffffff
#ffffff,#ffffff,#ffffff,#ffffff,#ffffff,#ffffff,#ffffff,#ffffff,#ffffff,#ffffff,#ffffff,#ffffff,#ffffff,#000000,#ffffff,#ffffff,#ffffff,#ffffff,#ffffff,#ffffff,#ffffff,#ffffff,#ffffff,#ffffff
#ffffff,#ffffff,#ffffff,#ffffff,#ffffff,#ffffff,#ffffff,#ffffff,#ffffff,#ffffff,#ffffff,#ffffff,#ffffff,#000000,#ffffff,#ffffff,#ffffff,#ffffff,#ffffff,#ffffff,#ffffff,#ffffff,#ffffff,#ffffff
#ffffff,#ffffff,#ffffff,#ffffff,#ffffff,#ffffff,#ffffff,#ffffff,#ffffff,#ffffff,#ffffff,#ffffff,#ffffff,#000000,#ffffff,#ffffff,#ffffff,#ffffff,#ffffff,#ffffff,#ffffff,#ffffff,#ffffff,#ffffff
#ffffff,#ffffff,#ffffff,#ffffff,#ffffff,#ffffff,#ffffff,#ffffff,#ffffff,#ffffff,#ffffff,#ffffff,#ffffff,#000000,#ffffff,#ffffff,#ffffff,#ffffff,#ffffff,#ffffff,#ffffff,#ffffff,#ffffff,#ffffff
#ffffff,#ffffff,#ffffff,#ffffff,#ffffff,#ffffff,#ffffff,#ffffff,#ffffff,#ffffff,#ffffff,#ffffff,#ffffff,#000000,#ffffff,#ffffff,#ffffff,#ffffff,#ffffff,#ffffff,#ffffff,#ffffff,#ffffff,#ffffff
#ffffff,#ffffff,#ffffff,#ffffff,#ffffff,#ffffff,#ffffff,#ffffff,#ffffff,#ffffff,#ffffff,#ffffff,#ffffff,#000000,#ffffff,#ffffff,#ffffff,#ffffff,#ffffff,#ffffff,#ffffff,#ffffff,#ffffff,#ffffff
#ffffff,#ffffff,#ffffff,#ffffff,#ffffff,#ffffff,#ffffff,#ffffff,#ffffff,#ffffff,#ffffff,#ffffff,#ffffff,#000000,#ffffff,#ffffff,#ffffff,#ffffff,#ffffff,#ffffff,#ffffff,#ffffff,#ffffff,#ffffff
#ffffff,#ffffff,#ffffff,#ffffff,#ffffff,#ffffff,#ffffff,#ffffff,#ffffff,#ffffff,#ffffff,#ffffff,#ffffff,#000000,#ffffff,#ffffff,#ffffff,#ffffff,#ffffff,#ffffff,#ffffff,#ffffff,#ffffff,#ffffff
#ffffff,#ffffff,#ffffff,#ffffff,#ffffff,#ffffff,#ffffff,#ffffff,#ffffff,#ffffff,#ffffff,#ffffff,#ffffff,#000000,#ffffff,#ffffff,#ffffff,#ffffff,#ffffff,#ffffff,#ffffff,#ffffff,#ffffff,#ffffff
#ffffff,#ffffff,#ffffff,#ffffff,#ffffff,#ffffff,#ffffff,#ffffff,#ffffff,#ffffff,#ffffff,#ffffff,#ffffff,#000000,#ffffff,#ffffff,#ffffff,#ffffff,#ffffff,#ffffff,#ffffff,#ffffff,#ffffff,#ffffff
#ffffff,#ffffff,#ffffff,#ffffff,#ffffff,#ffffff,#ffffff,#ffffff,#ffffff,#ffffff,#ffffff,#ffffff,#ffffff,#000000,#ffffff,#ffffff,#ffffff,#ffffff,#ffffff,#ffffff,#ffffff,#ffffff,#ffffff,#ffffff
#ffffff,#ffffff,#ffffff,#ffffff,#ffffff,#ffffff,#ffffff,#ffffff,#ffffff,#ffffff,#ffffff,#ffffff,#ffffff,#000000,#ffffff,#ffffff,#ffffff,#ffffff,#ffffff,#ffffff,#ffffff,#ffffff,#ffffff,#ffffff
#ffffff,#ffffff,#ffffff,#ffffff,#ffffff,#ffffff,#ffffff,#ffffff,#ffffff,#ffffff,#ffffff,#ffffff,#ffffff,#000000,#ffffff,#ffffff,#ffffff,#ffffff,#ffffff,#ffffff,#ffffff,#ffffff,#ffffff,#ffffff
#ffffff,#ffffff,#ffffff,#ffffff,#ffffff,#ffffff,#ffffff,#ffffff,#ffffff,#ffffff,#ffffff,#ffffff,#ffffff,#000000,#ffffff,#ffffff,#ffffff,#ffffff,#ffffff,#ffffff,#ffffff,#ffffff,#ffffff,#ffffff
#ffffff,#ffffff,#ffffff,#ffffff,#ffffff,#ffffff,#ffffff,#ffffff,#ffffff,#ffffff,#ffffff,#ffffff,#ffffff,#000000,#ffffff,#ffffff,#ffffff,#ffffff,#ffffff,#ffffff,#ffffff,#ffffff,#ffffff,#ffffff
#ffffff,#ffffff,#ffffff,#ffffff,#ffffff,#ffffff,#ffffff,#ffffff,#ffffff,#ffffff,#ffffff,#ffffff,#ffffff,#ffffff,#000000,#ffffff,#ffffff,#ffffff,#ffffff,#ffffff,#ffffff,#ffffff,#ffffff,#ffffff
#ffffff,#ffffff,#ffffff,#ffffff,#ffffff,#ffffff,#ffffff,#ffffff,#ffffff,#ffffff,#ffffff,#ffffff,#ffffff,#ffffff,#000000,#ffffff,#ffffff,#ffffff,#ffffff,#ffffff,#ffffff,#ffffff,#ffffff,#ffffff
#ffffff,#ffffff,#ffffff,#ffffff,#ffffff,#ffffff,#ffffff,#ffffff,#ffffff,#ffffff,#ffffff,#ffffff,#ffffff,#ffffff,#000000,#ffffff,#ffffff,#ffffff,#ffffff,#ffffff,#ffffff,#ffffff,#ffffff,#ffffff
#ffffff,#ffffff,#ffffff,#ffffff,#ffffff,#ffffff,#ffffff,#ffffff,#ffffff,#ffffff,#ffffff,#ffffff,#ffffff,#ffffff,#000000,#ffffff,#ffffff,#ffffff,#ffffff,#ffffff,#ffffff,#ffffff,#ffffff,#ffffff
#ffffff,#ffffff,#ffffff,#ffffff,#ffffff,#ffffff,#ffffff,#ffffff,#ffffff,#ffffff,#ffffff,#ffffff,#ffffff,#ffffff,#000000,#ffffff,#ffffff,#ffffff,#ffffff,#ffffff,#ffffff,#ffffff,#ffffff,#ffffff
#ffffff,#ffffff,#ffffff,#ffffff,#ffffff,#ffffff,#ffffff,#ffffff,#ffffff,#ffffff,#ffffff,#ffffff,#ffffff,#ffffff,#000000,#ffffff,#ffffff,#ffffff,#ffffff,#ffffff,#ffffff,#ffffff,#ffffff,#ffffff
#ffffff,#ffffff,#ffffff,#ffffff,#ffffff,#ffffff,#ffffff,#ffffff,#ffffff,#ffffff,#ffffff,#ffffff,#ffffff,#ffffff,#000000,#ffffff,#ffffff,#ffffff,#ffffff,#ffffff,#ffffff,#ffffff,#ffffff,#ffffff
#ffffff,#ffffff,#ffffff,#ffffff,#ffffff,#ffffff,#ffffff,#ffffff,#ffffff,#ffffff,#ffffff,#ffffff,#ffffff,#ffffff,#000000,#ffffff,#ffffff,#ffffff,#ffffff,#ffffff,#ffffff,#ffffff,#ffffff,#ffffff
#ffffff,#ffffff,#ffffff,#ffffff,#ffffff,#ffffff,#ffffff,#ffffff,#ffffff,#ffffff,#ffffff,#ffffff,#ffffff,#ffffff,#000000,#ffffff,#ffffff,#ffffff,#ffffff,#ffffff,#ffffff,#ffffff,#ffffff,#ffffff
#ffffff,#ffffff,#ffffff,#ffffff,#ffffff,#ffffff,#ffffff,#ffffff,#ffffff,#ffffff,#ffffff,#ffffff,#ffffff,#ffffff,#000000,#ffffff,#ffffff,#ffffff,#ffffff,#ffffff,#ffffff,#ffffff,#ffffff,#ffffff
#ffffff,#ffffff,#ffffff,#ffffff,#ffffff,#ffffff,#ffffff,#ffffff,#ffffff,#ffffff,#ffffff,#ffffff,#ffffff,#ffffff,#000000,#ffffff,#ffffff,#ffffff,#ffffff,#ffffff,#ffffff,#ffffff,#ffffff,#ffffff
#ffffff,#ffffff,#ffffff,#ffffff,#ffffff,#ffffff,#ffffff,#ffffff,#ffffff,#ffffff,#ffffff,#ffffff,#ffffff,#ffffff,#000000,#ffffff,#ffffff,#ffffff,#ffffff,#ffffff,#ffffff,#ffffff,#ffffff,#ffffff
#ffffff,#ffffff,#ffffff,#ffffff,#ffffff,#ffffff,#ffffff,#ffffff,#ffffff,#ffffff,#ffffff,#ffffff,#ffffff,#ffffff,#000000,#ffffff,#ffffff,#ffffff,#ffffff,#ffffff,#ffffff,#ffffff,#ffffff,#ffffff
#ffffff,#ffffff,#ffffff,#ffffff,#ffffff,#ffffff,#ffffff,#ffffff,#ffffff,#ffffff,#ffffff,#ffffff,#ffffff,#ffffff,#000000,#ffffff,#ffffff,#ffffff,#ffffff,#ffffff,#ffffff,#ffffff,#ffffff,#ffffff
#ffffff,#ffffff,#ffffff,#ffffff,#ffffff,#ffffff,#ffffff,#ffffff,#ffffff,#ffffff,#ffffff,#ffffff,#ffffff,#ffffff,#000000,#ffffff,#ffffff,#ffffff,#ffffff,#ffffff,#ffffff,#ffffff,#ffffff,#ffffff
#ffffff,#ffffff,#ffffff,#ffffff,#ffffff,#ffffff,#ffffff,#ffffff,#ffffff,#ffffff,#ffffff,#ffffff,#ffffff,#ffffff,#000000,#ffffff,#ffffff,#ffffff,#ffffff,#ffffff,#ffffff,#ffffff,#ffffff,#ffffff
#ffffff,#ffffff,#ffffff,#ffffff,#ffffff,#ffffff,#ffffff,#ffffff,#ffffff,#ffffff,#ffffff,#ffffff,#ffffff,#ffffff,#000000,#ffffff,#ffffff,#ffffff,#ffffff,#ffffff,#ffffff,#ffffff,#ffffff,#ffffff
#ffffff,#ffffff,#ffffff,#ffffff,#ffffff,#ffffff,#ffffff,#ffffff,#ffffff,#ffffff,#ffffff,#ffffff,#ffffff,#ffffff,#000000,#ffffff,#ffffff,#ffffff,#ffffff,#ffffff,#ffffff,#ffffff,#ffffff,#ffffff
#ffffff,#ffffff,#ffffff,#ffffff,#ffffff,#ffffff,#ffffff,#ffffff,#ffffff,#ffffff,#ffffff,#ffffff,#ffffff,#ffffff,#ffffff,#000000,#ffffff,#ffffff,#ffffff,#ffffff,#ffffff,#ffffff,#ffffff,#ffffff
#ffffff,#ffffff,#ffffff,#ffffff,#ffffff,#ffffff,#ffffff,#ffffff,#ffffff,#ffffff,#ffffff,#ffffff,#ffffff,#ffffff,#ffffff,#000000,#ffffff,#ffffff,#ffffff,#ffffff,#ffffff,#ffffff,#ffffff,#ffffff
#ffffff,#ffffff,#ffffff,#ffffff,#ffffff,#ffffff,#ffffff,#ffffff,#ffffff,#ffffff,#ffffff,#ffffff,#ffffff,#ffffff,#ffffff,#000000,#ffffff,#ffffff,#ffffff,#ffffff,#ffffff,#ffffff,#ffffff,#ffffff
#ffffff,#ffffff,#ffffff,#ffffff,#ffffff,#ffffff,#ffffff,#ffffff,#ffffff,#ffffff,#ffffff,#ffffff,#ffffff,#ffffff,#ffffff,#000000,#ffffff,#ffffff,#ffffff,#ffffff,#ffffff,#ffffff,#ffffff,#ffffff
#ffffff,#ffffff,#ffffff,#ffffff,#ffffff,#ffffff,#ffffff,#ffffff,#ffffff,#ffffff,#ffffff,#ffffff,#ffffff,#ffffff,#ffffff,#000000,#ffffff,#ffffff,#ffffff,#ffffff,#ffffff,#ffffff,#ffffff,#ffffff
#ffffff,#ffffff,#ffffff,#ffffff,#ffffff,#ffffff,#ffffff,#ffffff,#ffffff,#ffffff,#ffffff,#ffffff,#ffffff,#ffffff,#ffffff,#000000,#ffffff,#ffffff,#ffffff,#ffffff,#ffffff,#ffffff,#ffffff,#ffffff
#ffffff,#ffffff,#ffffff,#ffffff,#ffffff,#ffffff,#ffffff,#ffffff,#ffffff,#ffffff,#ffffff,#ffffff,#ffffff,#ffffff,#ffffff,#000000,#ffffff,#ffffff,#ffffff,#ffffff,#ffffff,#ffffff,#ffffff,#ffffff
#ffffff,#ffffff,#ffffff,#ffffff,#ffffff,#ffffff,#ffffff,#ffffff,#ffffff,#ffffff,#ffffff,#ffffff,#ffffff,#ffffff,#ffffff,#000000,#ffffff,#ffffff,#ffffff,#ffffff,#ffffff,#ffffff,#ffffff,#ffffff
#ffffff,#ffffff,#ffffff,#ffffff,#ffffff,#ffffff,#ffffff,#ffffff,#ffffff,#ffffff,#ffffff,#ffffff,#ffffff,#ffffff,#ffffff,#000000,#ffffff,#ffffff,#ffffff,#ffffff,#ffffff,#ffffff,#ffffff,#ffffff
#ffffff,#ffffff,#ffffff,#ffffff,#ffffff,#ffffff,#ffffff,#ffffff,#ffffff,#ffffff,#ffffff,#ffffff,#ffffff,#ffffff,#ffffff,#000000,#ffffff,#ffffff,#ffffff,#ffffff,#ffffff,#ffffff,#ffffff,#ffffff
#ffffff,#ffffff,#ffffff,#ffffff,#ffffff,#ffffff,#ffffff,#ffffff,#ffffff,#ffffff,#ffffff,#ffffff,#ffffff,#ffffff,#ffffff,#000000,#ffffff,#ffffff,#ffffff,#ffffff,#ffffff,#ffffff,#ffffff,#ffffff
#ffffff,#ffffff,#ffffff,#ffffff,#ffffff,#ffffff,#ffffff,#ffffff,#ffffff,#ffffff,#ffffff,#ffffff,#ffffff,#ffffff,#ffffff,#000000,#ffffff,#ffffff,#ffffff,#ffffff,#ffffff,#ffffff,#ffffff,#ffffff
#ffffff,#ffffff,#ffffff,#ffffff,#ffffff,#ffffff,#ffffff,#ffffff,#ffffff,#ffffff,#ffffff,#ffffff,#ffffff,#ffffff,#ffffff,#000000,#ffffff,#ffffff,#ffffff,#ffffff,#ffffff,#ffffff,#ffffff,#ffffff
#ffffff,#ffffff,#ffffff,#ffffff,#ffffff,#ffffff,#ffffff,#ffffff,#ffffff,#ffffff,#ffffff,#ffffff,#ffffff,#ffffff,#ffffff,#000000,#ffffff,#ffffff,#ffffff,#ffffff,#ffffff,#ffffff,#ffffff,#ffffff
#ffffff,#ffffff,#ffffff,#ffffff,#ffffff,#ffffff,#ffffff,#ffffff,#ffffff,#ffffff,#ffffff,#ffffff,#ffffff,#ffffff,#ffffff,#000000,#ffffff,#ffffff,#ffffff,#ffffff,#ffffff,#ffffff,#ffffff,#ffffff
#ffffff,#ffffff,#ffffff,#ffffff,#ffffff,#ffffff,#ffffff,#ffffff,#ffffff,#ffffff,#ffffff,#ffffff,#ffffff,#ffffff,#ffffff,#000000,#ffffff,#ffffff,#ffffff,#ffffff,#ffffff,#ffffff,#ffffff,#ffffff
#ffffff,#ffffff,#ffffff,#ffffff,#ffffff,#ffffff,#ffffff,#ffffff,#ffffff,#ffffff,#ffffff,#ffffff,#ffffff,#ffffff,#ffffff,#000000,#ffffff,#ffffff,#ffffff,#ffffff,#ffffff,#ffffff,#ffffff,#ffffff
#ffffff,#ffffff,#ffffff,#ffffff,#ffffff,#ffffff,#ffffff,#ffffff,#ffffff,#ffffff,#ffffff,#ffffff,#ffffff,#ffffff,#ffffff,#000000,#ffffff,#ffffff,#ffffff,#ffffff,#ffffff,#ffffff,#ffffff,#ffffff
#ffffff,#ffffff,#ffffff,#ffffff,#ffffff,#ffffff,#ffffff,#ffffff,#ffffff,#ffffff,#ffffff,#ffffff,#ffffff,#ffffff,#ffffff,#ffffff,#000000,#ffffff,#ffffff,#ffffff,#ffffff,#ffffff,#ffffff,#ffffff
#ffffff,#ffffff,#ffffff,#ffffff,#ffffff,#ffffff,#ffffff,#ffffff,#ffffff,#ffffff,#ffffff,#ffffff,#ffffff,#ffffff,#ffffff,#ffffff,#000000,#ffffff,#ffffff,#ffffff,#ffffff,#ffffff,#ffffff,#ffffff
#ffffff,#ffffff,#ffffff,#ffffff,#ffffff,#ffffff,#ffffff,#ffffff,#ffffff,#ffffff,#ffffff,#ffffff,#ffffff,#ffffff,#ffffff,#ffffff,#000000,#ffffff,#ffffff,#ffffff,#ffffff,#ffffff,#ffffff,#ffffff
#ffffff,#ffffff,#ffffff,#ffffff,#ffffff,#ffffff,#ffffff,#ffffff,#ffffff,#ffffff,#ffffff,#ffffff,#ffffff,#ffffff,#ffffff,#ffffff,#000000,#ffffff,#ffffff,#ffffff,#ffffff,#ffffff,#ffffff,#ffffff
#ffffff,#ffffff,#ffffff,#ffffff,#ffffff,#ffffff,#ffffff,#ffffff,#ffffff,#ffffff,#ffffff,#ffffff,#ffffff,#ffffff,#ffffff,#ffffff,#000000,#ffffff,#ffffff,#ffffff,#ffffff,#ffffff,#ffffff,#ffffff
#ffffff,#ffffff,#ffffff,#ffffff,#ffffff,#ffffff,#ffffff,#ffffff,#ffffff,#ffffff,#ffffff,#ffffff,#ffffff,#ffffff,#ffffff,#ffffff,#000000,#ffffff,#ffffff,#ffffff,#ffffff,#ffffff,#ffffff,#ffffff
#ffffff,#ffffff,#ffffff,#ffffff,#ffffff,#ffffff,#ffffff,#ffffff,#ffffff,#ffffff,#ffffff,#ffffff,#ffffff,#ffffff,#ffffff,#ffffff,#000000,#ffffff,#ffffff,#ffffff,#ffffff,#ffffff,#ffffff,#ffffff
#ffffff,#ffffff,#ffffff,#ffffff,#ffffff,#ffffff,#ffffff,#ffffff,#ffffff,#ffffff,#ffffff,#ffffff,#ffffff,#ffffff,#ffffff,#ffffff,#000000,#ffffff,#ffffff,#ffffff,#ffffff,#ffffff,#ffffff,#ffffff
#ffffff,#ffffff,#ffffff,#ffffff,#ffffff,#ffffff,#ffffff,#ffffff,#ffffff,#ffffff,#ffffff,#ffffff,#ffffff,#ffffff,#ffffff,#ffffff,#000000,#ffffff,#ffffff,#ffffff,#ffffff,#ffffff,#ffffff,#ffffff
#ffffff,#ffffff,#ffffff,#ffffff,#ffffff,#ffffff,#ffffff,#ffffff,#ffffff,#ffffff,#ffffff,#ffffff,#ffffff,#ffffff,#ffffff,#ffffff,#000000,#ffffff,#ffffff,#ffffff,#ffffff,#ffffff,#ffffff,#ffffff
#ffffff,#ffffff,#ffffff,#ffffff,#ffffff,#ffffff,#ffffff,#ffffff,#ffffff,#ffffff,#ffffff,#ffffff,#ffffff,#ffffff,#ffffff,#ffffff,#000000,#ffffff,#ffffff,#ffffff,#ffffff,#ffffff,#ffffff,#ffffff
#ffffff,#ffffff,#ffffff,#ffffff,#ffffff,#ffffff,#ffffff,#ffffff,#ffffff,#ffffff,#ffffff,#ffffff,#ffffff,#ffffff,#ffffff,#ffffff,#000000,#ffffff,#ffffff,#ffffff,#ffffff,#ffffff,#ffffff,#ffffff
#ffffff,#ffffff,#ffffff,#ffffff,#ffffff,#ffffff,#ffffff,#ffffff,#ffffff,#ffffff,#ffffff,#ffffff,#ffffff,#ffffff,#ffffff,#ffffff,#000000,#ffffff,#ffffff,#ffffff,#ffffff,#ffffff,#ffffff,#ffffff
#ffffff,#ffffff,#ffffff,#ffffff,#ffffff,#ffffff,#ffffff,#ffffff,#ffffff,#ffffff,#ffffff,#ffffff,#ffffff,#ffffff,#ffffff,#ffffff,#000000,#ffffff,#ffffff,#ffffff,#ffffff,#ffffff,#ffffff,#ffffff
#ffffff,#ffffff,#ffffff,#ffffff,#ffffff,#ffffff,#ffffff,#ffffff,#ffffff,#ffffff,#ffffff,#ffffff,#ffffff,#ffffff,#ffffff,#ffffff,#000000,#ffffff,#ffffff,#ffffff,#ffffff,#ffffff,#ffffff,#ffffff
#ffffff,#ffffff,#ffffff,#ffffff,#ffffff,#ffffff,#ffffff,#ffffff,#ffffff,#ffffff,#ffffff,#ffffff,#ffffff,#ffffff,#ffffff,#ffffff,#000000,#ffffff,#ffffff,#ffffff,#ffffff,#ffffff,#ffffff,#ffffff
#ffffff,#ffffff,#ffffff,#ffffff,#ffffff,#ffffff,#ffffff,#ffffff,#ffffff,#ffffff,#ffffff,#ffffff,#ffffff,#ffffff,#ffffff,#ffffff,#000000,#ffffff,#ffffff,#ffffff,#ffffff,#ffffff,#ffffff,#ffffff
#ffffff,#ffffff,#ffffff,#ffffff,#ffffff,#ffffff,#ffffff,#ffffff,#ffffff,#ffffff,#ffffff,#ffffff,#ffffff,#ffffff,#ffffff,#ffffff,#000000,#ffffff,#ffffff,#ffffff,#ffffff,#ffffff,#ffffff,#ffffff
#ffffff,#ffffff,#ffffff,#ffffff,#ffffff,#ffffff,#ffffff,#ffffff,#ffffff,#ffffff,#ffffff,#ffffff,#ffffff,#ffffff,#ffffff,#ffffff,#ffffff,#000000,#ffffff,#ffffff,#ffffff,#ffffff,#ffffff,#ffffff
#ffffff,#ffffff,#ffffff,#ffffff,#ffffff,#ffffff,#ffffff,#ffffff,#ffffff,#ffffff,#ffffff,#ffffff,#ffffff,#ffffff,#ffffff,#ffffff,#ffffff,#000000,#ffffff,#ffffff,#ffffff,#ffffff,#ffffff,#ffffff
#ffffff,#ffffff,#ffffff,#ffffff,#ffffff,#ffffff,#ffffff,#ffffff,#ffffff,#ffffff,#ffffff,#ffffff,#ffffff,#ffffff,#ffffff,#ffffff,#ffffff,#000000,#ffffff,#ffffff,#ffffff,#ffffff,#ffffff,#ffffff
#ffffff,#ffffff,#ffffff,#ffffff,#ffffff,#ffffff,#ffffff,#ffffff,#ffffff,#ffffff,#ffffff,#ffffff,#ffffff,#ffffff,#ffffff,#ffffff,#ffffff,#000000,#ffffff,#ffffff,#ffffff,#ffffff,#ffffff,#ffffff
#ffffff,#ffffff,#ffffff,#ffffff,#ffffff,#ffffff,#ffffff,#ffffff,#ffffff,#ffffff,#ffffff,#ffffff,#ffffff,#ffffff,#ffffff,#ffffff,#ffffff,#000000,#ffffff,#ffffff,#ffffff,#ffffff,#ffffff,#ffffff
#ffffff,#ffffff,#ffffff,#ffffff,#ffffff,#ffffff,#ffffff,#ffffff,#ffffff,#ffffff,#ffffff,#ffffff,#ffffff,#ffffff,#ffffff,#ffffff,#ffffff,#000000,#ffffff,#ffffff,#ffffff,#ffffff,#ffffff,#ffffff
#ffffff,#ffffff,#ffffff,#ffffff,#ffffff,#ffffff,#ffffff,#ffffff,#ffffff,#ffffff,#ffffff,#ffffff,#ffffff,#ffffff,#ffffff,#ffffff,#ffffff,#000000,#ffffff,#ffffff,#ffffff,#ffffff,#ffffff,#ffffff
#ffffff,#ffffff,#ffffff,#ffffff,#ffffff,#ffffff,#ffffff,#ffffff,#ffffff,#ffffff,#ffffff,#ffffff,#ffffff,#ffffff,#ffffff,#ffffff,#ffffff,#000000,#ffffff,#ffffff,#ffffff,#ffffff,#ffffff,#ffffff
#ffffff,#ffffff,#ffffff,#ffffff,#ffffff,#ffffff,#ffffff,#ffffff,#ffffff,#ffffff,#ffffff,#ffffff,#ffffff,#ffffff,#ffffff,#ffffff,#ffffff,#000000,#ffffff,#ffffff,#ffffff,#ffffff,#ffffff,#ffffff
#ffffff,#ffffff,#ffffff,#ffffff,#ffffff,#ffffff,#ffffff,#ffffff,#ffffff,#ffffff,#ffffff,#ffffff,#ffffff,#ffffff,#ffffff,#ffffff,#ffffff,#000000,#ffffff,#ffffff,#ffffff,#ffffff,#ffffff,#ffffff
#ffffff,#ffffff,#ffffff,#ffffff,#ffffff,#ffffff,#ffffff,#ffffff,#ffffff,#ffffff,#ffffff,#ffffff,#ffffff,#ffffff,#ffffff,#ffffff,#ffffff,#000000,#ffffff,#ffffff,#ffffff,#ffffff,#ffffff,#ffffff
#ffffff,#ffffff,#ffffff,#ffffff,#ffffff,#ffffff,#ffffff,#ffffff,#ffffff,#ffffff,#ffffff,#ffffff,#ffffff,#ffffff,#ffffff,#ffffff,#ffffff,#000000,#ffffff,#ffffff,#ffffff,#ffffff,#ffffff,#ffffff
#ffffff,#ffffff,#ffffff,#ffffff,#ffffff,#ffffff,#ffffff,#ffffff,#ffffff,#ffffff,#ffffff,#ffffff,#ffffff,#ffffff,#ffffff,#ffffff,#ffffff,#000000,#ffffff,#ffffff,#ffffff,#ffffff,#ffffff,#ffffff
#ffffff,#ffffff,#ffffff,#ffffff,#ffffff,#ffffff,#ffffff,#ffffff,#ffffff,#ffffff,#ffffff,#ffffff,#ffffff,#ffffff,#ffffff,#ffffff,#ffffff,#000000,#ffffff,#ffffff,#ffffff,#ffffff,#ffffff,#ffffff
#ffffff,#ffffff,#ffffff,#ffffff,#ffffff,#ffffff,#ffffff,#ffffff,#ffffff,#ffffff,#ffffff,#ffffff,#ffffff,#ffffff,#ffffff,#ffffff,#ffffff,#000000,#ffffff,#ffffff,#ffffff,#ffffff,#ffffff,#ffffff
#ffffff,#ffffff,#ffffff,#ffffff,#ffffff,#ffffff,#ffffff,#ffffff,#ffffff,#ffffff,#ffffff,#ffffff,#ffffff,#ffffff,#ffffff,#ffffff,#ffffff,#000000,#ffffff,#ffffff,#ffffff,#ffffff,#ffffff,#ffffff
#ffffff,#ffffff,#ffffff,#ffffff,#ffffff,#ffffff,#ffffff,#ffffff,#ffffff,#ffffff,#ffffff,#ffffff,#ffffff,#ffffff,#ffffff,#ffffff,#ffffff,#000000,#ffffff,#ffffff,#ffffff,#ffffff,#ffffff,#ffffff
#ffffff,#ffffff,#ffffff,#ffffff,#ffffff,#ffffff,#ffffff,#ffffff,#ffffff,#ffffff,#ffffff,#ffffff,#ffffff,#ffffff,#ffffff,#ffffff,#ffffff,#000000,#ffffff,#ffffff,#ffffff,#ffffff,#ffffff,#ffffff
#ffffff,#ffffff,#ffffff,#ffffff,#ffffff,#ffffff,#ffffff,#ffffff,#ffffff,#ffffff,#ffffff,#ffffff,#ffffff,#ffffff,#ffffff,#ffffff,#ffffff,#ffffff,#000000,#ffffff,#ffffff,#ffffff,#ffffff,#ffffff
#ffffff,#ffffff,#ffffff,#ffffff,#ffffff,#ffffff,#ffffff,#ffffff,#ffffff,#ffffff,#ffffff,#ffffff,#ffffff,#ffffff,#ffffff,#ffffff,#ffffff,#ffffff,#000000,#ffffff,#ffffff,#ffffff,#ffffff,#ffffff
#ffffff,#ffffff,#ffffff,#ffffff,#ffffff,#ffffff,#ffffff,#ffffff,#ffffff,#ffffff,#ffffff,#ffffff,#ffffff,#ffffff,#ffffff,#ffffff,#ffffff,#ffffff,#000000,#ffffff,#ffffff,#ffffff,#ffffff,#ffffff
#ffffff,#ffffff,#ffffff,#ffffff,#ffffff,#ffffff,#ffffff,#ffffff,#ffffff,#ffffff,#ffffff,#ffffff,#ffffff,#ffffff,#ffffff,#ffffff,#ffffff,#ffffff,#000000,#ffffff,#ffffff,#ffffff,#ffffff,#ffffff
#ffffff,#ffffff,#ffffff,#ffffff,#ffffff,#ffffff,#ffffff,#ffffff,#ffffff,#ffffff,#ffffff,#ffffff,#ffffff,#ffffff,#ffffff,#ffffff,#ffffff,#ffffff,#000000,#ffffff,#ffffff,#ffffff,#ffffff,#ffffff
#ffffff,#ffffff,#ffffff,#ffffff,#ffffff,#ffffff,#ffffff,#ffffff,#ffffff,#ffffff,#ffffff,#ffffff,#ffffff,#ffffff,#ffffff,#ffffff,#ffffff,#ffffff,#000000,#ffffff,#ffffff,#ffffff,#ffffff,#ffffff
#ffffff,#ffffff,#ffffff,#ffffff,#ffffff,#ffffff,#ffffff,#ffffff,#ffffff,#ffffff,#ffffff,#ffffff,#ffffff,#ffffff,#ffffff,#ffffff,#ffffff,#ffffff,#000000,#ffffff,#ffffff,#ffffff,#ffffff,#ffffff
#ffffff,#ffffff,#ffffff,#ffffff,#ffffff,#ffffff,#ffffff,#ffffff,#ffffff,#ffffff,#ffffff,#ffffff,#ffffff,#ffffff,#ffffff,#ffffff,#ffffff,#ffffff,#000000,#ffffff,#ffffff,#ffffff,#ffffff,#ffffff
#ffffff,#ffffff,#ffffff,#ffffff,#ffffff,#ffffff,#ffffff,#ffffff,#ffffff,#ffffff,#ffffff,#ffffff,#ffffff,#ffffff,#ffffff,#ffffff,#ffffff,#ffffff,#000000,#ffffff,#ffffff,#ffffff,#ffffff,#ffffff
#ffffff,#ffffff,#ffffff,#ffffff,#ffffff,#ffffff,#ffffff,#ffffff,#ffffff,#ffffff,#ffffff,#ffffff,#ffffff,#ffffff,#ffffff,#ffffff,#ffffff,#ffffff,#000000,#ffffff,#ffffff,#ffffff,#ffffff,#ffffff
#ffffff,#ffffff,#ffffff,#ffffff,#ffffff,#ffffff,#ffffff,#ffffff,#ffffff,#ffffff,#ffffff,#ffffff,#ffffff,#ffffff,#ffffff,#ffffff,#ffffff,#ffffff,#000000,#ffffff,#ffffff,#ffffff,#ffffff,#ffffff
#ffffff,#ffffff,#ffffff,#ffffff,#ffffff,#ffffff,#ffffff,#ffffff,#ffffff,#ffffff,#ffffff,#ffffff,#ffffff,#ffffff,#ffffff,#ffffff,#ffffff,#ffffff,#000000,#ffffff,#ffffff,#ffffff,#ffffff,#ffffff
#ffffff,#ffffff,#ffffff,#ffffff,#ffffff,#ffffff,#ffffff,#ffffff,#ffffff,#ffffff,#ffffff,#ffffff,#ffffff,#ffffff,#ffffff,#ffffff,#ffffff,#ffffff,#000000,#ffffff,#ffffff,#ffffff,#ffffff,#ffffff
#ffffff,#ffffff,#ffffff,#ffffff,#ffffff,#ffffff,#ffffff,#ffffff,#ffffff,#ffffff,#ffffff,#ffffff,#ffffff,#ffffff,#ffffff,#ffffff,#ffffff,#ffffff,#000000,#ffffff,#ffffff,#ffffff,#ffffff,#ffffff
#ffffff,#ffffff,#ffffff,#ffffff,#ffffff,#ffffff,#ffffff,#ffffff,#ffffff,#ffffff,#ffffff,#ffffff,#ffffff,#ffffff,#ffffff,#ffffff,#ffffff,#ffffff,#000000,#ffffff,#ffffff,#ffffff,#ffffff,#ffffff
#ffffff,#ffffff,#ffffff,#ffffff,#ffffff,#ffffff,#ffffff,#ffffff,#ffffff,#ffffff,#ffffff,#ffffff,#ffffff,#ffffff,#ffffff,#ffffff,#ffffff,#ffffff,#000000,#ffffff,#ffffff,#ffffff,#ffffff,#ffffff
#ffffff,#ffffff,#ffffff,#ffffff,#ffffff,#ffffff,#ffffff,#ffffff,#ffffff,#ffffff,#ffffff,#ffffff,#ffffff,#ffffff,#ffffff,#ffffff,#ffffff,#ffffff,#000000,#ffffff,#ffffff,#ffffff,#ffffff,#ffffff
#ffffff,#ffffff,#ffffff,#ffffff,#ffffff,#ffffff,#ffffff,#ffffff,#ffffff,#ffffff,#ffffff,#ffffff,#ffffff,#ffffff,#ffffff,#ffffff,#ffffff,#ffffff,#000000,#ffffff,#ffffff,#ffffff,#ffffff,#ffffff
#ffffff,#ffffff,#ffffff,#ffffff,#ffffff,#ffffff,#ffffff,#ffffff,#ffffff,#ffffff,#ffffff,#ffffff,#ffffff,#ffffff,#ffffff,#ffffff,#ffffff,#ffffff,#ffffff,#000000,#ffffff,#ffffff,#ffffff,#ffffff
#ffffff,#ffffff,#ffffff,#ffffff,#ffffff,#ffffff,#ffffff,#ffffff,#ffffff,#ffffff,#ffffff,#ffffff,#ffffff,#ffffff,#ffffff,#ffffff,#ffffff,#ffffff,#ffffff,#000000,#ffffff,#ffffff,#ffffff,#ffffff
#ffffff,#ffffff,#ffffff,#ffffff,#ffffff,#ffffff,#ffffff,#ffffff,#ffffff,#ffffff,#ffffff,#ffffff,#ffffff,#ffffff,#ffffff,#ffffff,#ffffff,#ffffff,#ffffff,#000000,#ffffff,#ffffff,#ffffff,#ffffff
#ffffff,#ffffff,#ffffff,#ffffff,#ffffff,#ffffff,#ffffff,#ffffff,#ffffff,#ffffff,#ffffff,#ffffff,#ffffff,#ffffff,#ffffff,#ffffff,#ffffff,#ffffff,#ffffff,#000000,#ffffff,#ffffff,#ffffff,#ffffff
#ffffff,#ffffff,#ffffff,#ffffff,#ffffff,#ffffff,#ffffff,#ffffff,#ffffff,#ffffff,#ffffff,#ffffff,#ffffff,#ffffff,#ffffff,#ffffff,#ffffff,#ffffff,#ffffff,#000000,#ffffff,#ffffff,#ffffff,#ffffff
#ffffff,#ffffff,#ffffff,#ffffff,#ffffff,#ffffff,#ffffff,#ffffff,#ffffff,#ffffff,#ffffff,#ffffff,#ffffff,#ffffff,#ffffff,#ffffff,#ffffff,#ffffff,#ffffff,#000000,#ffffff,#ffffff,#ffffff,#ffffff
#ffffff,#ffffff,#ffffff,#ffffff,#ffffff,#ffffff,#ffffff,#ffffff,#ffffff,#ffffff,#ffffff,#ffffff,#ffffff,#ffffff,#ffffff,#ffffff,#ffffff,#ffffff,#ffffff,#000000,#ffffff,#ffffff,#ffffff,#ffffff
#ffffff,#ffffff,#ffffff,#ffffff,#ffffff,#ffffff,#ffffff,#ffffff,#ffffff,#ffffff,#ffffff,#ffffff,#ffffff,#ffffff,#ffffff,#ffffff,#ffffff,#ffffff,#ffffff,#000000,#ffffff,#ffffff,#ffffff,#ffffff
#ffffff,#ffffff,#ffffff,#ffffff,#ffffff,#ffffff,#ffffff,#ffffff,#ffffff,#ffffff,#ffffff,#ffffff,#ffffff,#ffffff,#ffffff,#ffffff,#ffffff,#ffffff,#ffffff,#000000,#ffffff,#ffffff,#ffffff,#ffffff
#ffffff,#ffffff,#ffffff,#ffffff,#ffffff,#ffffff,#ffffff,#ffffff,#ffffff,#ffffff,#ffffff,#ffffff,#ffffff,#ffffff,#ffffff,#ffffff,#ffffff,#ffffff,#ffffff,#000000,#ffffff,#ffffff,#ffffff,#ffffff
#ffffff,#ffffff,#ffffff,#ffffff,#ffffff,#ffffff,#ffffff,#ffffff,#ffffff,#ffffff,#ffffff,#ffffff,#ffffff,#ffffff,#ffffff,#ffffff,#ffffff,#ffffff,#ffffff,#000000,#ffffff,#ffffff,#ffffff,#ffffff
#ffffff,#ffffff,#ffffff,#ffffff,#ffffff,#ffffff,#ffffff,#ffffff,#ffffff,#ffffff,#ffffff,#ffffff,#ffffff,#ffffff,#ffffff,#ffffff,#ffffff,#ffffff,#ffffff,#000000,#ffffff,#ffffff,#ffffff,#ffffff
#ffffff,#ffffff,#ffffff,#ffffff,#ffffff,#ffffff,#ffffff,#ffffff,#ffffff,#ffffff,#ffffff,#ffffff,#ffffff,#ffffff,#ffffff,#ffffff,#ffffff,#ffffff,#ffffff,#000000,#ffffff,#ffffff,#ffffff,#ffffff
#ffffff,#ffffff,#ffffff,#ffffff,#ffffff,#ffffff,#ffffff,#ffffff,#ffffff,#ffffff,#ffffff,#ffffff,#ffffff,#ffffff,#ffffff,#ffffff,#ffffff,#ffffff,#ffffff,#000000,#ffffff,#ffffff,#ffffff,#ffffff
#ffffff,#ffffff,#ffffff,#ffffff,#ffffff,#ffffff,#ffffff,#ffffff,#ffffff,#ffffff,#ffffff,#ffffff,#ffffff,#ffffff,#ffffff,#ffffff,#ffffff,#ffffff,#ffffff,#000000,#ffffff,#ffffff,#ffffff,#ffffff
#ffffff,#ffffff,#ffffff,#ffffff,#ffffff,#ffffff,#ffffff,#ffffff,#ffffff,#ffffff,#ffffff,#ffffff,#ffffff,#ffffff,#ffffff,#ffffff,#ffffff,#ffffff,#ffffff,#000000,#ffffff,#ffffff,#ffffff,#ffffff
#ffffff,#ffffff,#ffffff,#ffffff,#ffffff,#ffffff,#ffffff,#ffffff,#ffffff,#ffffff,#ffffff,#ffffff,#ffffff,#ffffff,#ffffff,#ffffff,#ffffff,#ffffff,#ffffff,#000000,#ffffff,#ffffff,#ffffff,#ffffff
#ffffff,#ffffff,#ffffff,#ffffff,#ffffff,#ffffff,#ffffff,#ffffff,#ffffff,#ffffff,#ffffff,#ffffff,#ffffff,#ffffff,#ffffff,#ffffff,#ffffff,#ffffff,#ffffff,#000000,#ffffff,#ffffff,#ffffff,#ffffff
#ffffff,#ffffff,#ffffff,#ffffff,#ffffff,#ffffff,#ffffff,#ffffff,#ffffff,#ffffff,#ffffff,#ffffff,#ffffff,#ffffff,#ffffff,#ffffff,#ffffff,#ffffff,#ffffff,#ffffff,#000000,#ffffff,#ffffff,#ffffff
#ffffff,#ffffff,#ffffff,#ffffff,#ffffff,#ffffff,#ffffff,#ffffff,#ffffff,#ffffff,#ffffff,#ffffff,#ffffff,#ffffff,#ffffff,#ffffff,#ffffff,#ffffff,#ffffff,#ffffff,#000000,#ffffff,#ffffff,#ffffff
#ffffff,#ffffff,#ffffff,#ffffff,#ffffff,#ffffff,#ffffff,#ffffff,#ffffff,#ffffff,#ffffff,#ffffff,#ffffff,#ffffff,#ffffff,#ffffff,#ffffff,#ffffff,#ffffff,#ffffff,#000000,#ffffff,#ffffff,#ffffff
#ffffff,#ffffff,#ffffff,#ffffff,#ffffff,#ffffff,#ffffff,#ffffff,#ffffff,#ffffff,#ffffff,#ffffff,#ffffff,#ffffff,#ffffff,#ffffff,#ffffff,#ffffff,#ffffff,#ffffff,#000000,#ffffff,#ffffff,#ffffff
#ffffff,#ffffff,#ffffff,#ffffff,#ffffff,#ffffff,#ffffff,#ffffff,#ffffff,#ffffff,#ffffff,#ffffff,#ffffff,#ffffff,#ffffff,#ffffff,#ffffff,#ffffff,#ffffff,#ffffff,#000000,#ffffff,#ffffff,#ffffff
#ffffff,#ffffff,#ffffff,#ffffff,#ffffff,#ffffff,#ffffff,#ffffff,#ffffff,#ffffff,#ffffff,#ffffff,#ffffff,#ffffff,#ffffff,#ffffff,#ffffff,#ffffff,#ffffff,#ffffff,#000000,#ffffff,#ffffff,#ffffff
#ffffff,#ffffff,#ffffff,#ffffff,#ffffff,#ffffff,#ffffff,#ffffff,#ffffff,#ffffff,#ffffff,#ffffff,#ffffff,#ffffff,#ffffff,#ffffff,#ffffff,#ffffff,#ffffff,#ffffff,#000000,#ffffff,#ffffff,#ffffff
#ffffff,#ffffff,#ffffff,#ffffff,#ffffff,#ffffff,#ffffff,#ffffff,#ffffff,#ffffff,#ffffff,#ffffff,#ffffff,#ffffff,#ffffff,#ffffff,#ffffff,#ffffff,#ffffff,#ffffff,#000000,#ffffff,#ffffff,#ffffff
#ffffff,#ffffff,#ffffff,#ffffff,#ffffff,#ffffff,#ffffff,#ffffff,#ffffff,#ffffff,#ffffff,#ffffff,#ffffff,#ffffff,#ffffff,#ffffff,#ffffff,#ffffff,#ffffff,#ffffff,#000000,#ffffff,#ffffff,#ffffff
#ffffff,#ffffff,#ffffff,#ffffff,#ffffff,#ffffff,#ffffff,#ffffff,#ffffff,#ffffff,#ffffff,#ffffff,#ffffff,#ffffff,#ffffff,#ffffff,#ffffff,#ffffff,#ffffff,#ffffff,#000000,#ffffff,#ffffff,#ffffff
#ffffff,#ffffff,#ffffff,#ffffff,#ffffff,#ffffff,#ffffff,#ffffff,#ffffff,#ffffff,#ffffff,#ffffff,#ffffff,#ffffff,#ffffff,#ffffff,#ffffff,#ffffff,#ffffff,#ffffff,#000000,#ffffff,#ffffff,#ffffff
#ffffff,#ffffff,#ffffff,#ffffff,#ffffff,#ffffff,#ffffff,#ffffff,#ffffff,#ffffff,#ffffff,#ffffff,#ffffff,#ffffff,#ffffff,#ffffff,#ffffff,#ffffff,#ffffff,#ffffff,#000000,#ffffff,#ffffff,#ffffff
#ffffff,#ffffff,#ffffff,#ffffff,#ffffff,#ffffff,#ffffff,#ffffff,#ffffff,#ffffff,#ffffff,#ffffff,#ffffff,#ffffff,#ffffff,#ffffff,#ffffff,#ffffff,#ffffff,#ffffff,#000000,#ffffff,#ffffff,#ffffff
#ffffff,#ffffff,#ffffff,#ffffff,#ffffff,#ffffff,#ffffff,#ffffff,#ffffff,#ffffff,#ffffff,#ffffff,#ffffff,#ffffff,#ffffff,#ffffff,#ffffff,#ffffff,#ffffff,#ffffff,#000000,#ffffff,#ffffff,#ffffff
#ffffff,#ffffff,#ffffff,#ffffff,#ffffff,#ffffff,#ffffff,#ffffff,#ffffff,#ffffff,#ffffff,#ffffff,#ffffff,#ffffff,#ffffff,#ffffff,#ffffff,#ffffff,#ffffff,#ffffff,#000000,#ffffff,#ffffff,#ffffff
#ffffff,#ffffff,#ffffff,#ffffff,#ffffff,#ffffff,#ffffff,#ffffff,#ffffff,#ffffff,#ffffff,#ffffff,#ffffff,#ffffff,#ffffff,#ffffff,#ffffff,#ffffff,#ffffff,#ffffff,#000000,#ffffff,#ffffff,#ffffff
#ffffff,#ffffff,#ffffff,#ffffff,#ffffff,#ffffff,#ffffff,#ffffff,#ffffff,#ffffff,#ffffff,#ffffff,#ffffff,#ffffff,#ffffff,#ffffff,#ffffff,#ffffff,#ffffff,#ffffff,#000000,#ffffff,#ffffff,#ffffff
#ffffff,#ffffff,#ffffff,#ffffff,#ffffff,#ffffff,#ffffff,#ffffff,#ffffff,#ffffff,#ffffff,#ffffff,#ffffff,#ffffff,#ffffff,#ffffff,#ffffff,#ffffff,#ffffff,#ffffff,#000000,#ffffff,#ffffff,#ffffff
#ffffff,#ffffff,#ffffff,#ffffff,#ffffff,#ffffff,#ffffff,#ffffff,#ffffff,#ffffff,#ffffff,#ffffff,#ffffff,#ffffff,#ffffff,#ffffff,#ffffff,#ffffff,#ffffff,#ffffff,#ffffff,#000000,#ffffff,#ffffff
#ffffff,#ffffff,#ffffff,#ffffff,#ffffff,#ffffff,#ffffff,#ffffff,#ffffff,#ffffff,#ffffff,#ffffff,#ffffff,#ffffff,#ffffff,#ffffff,#ffffff,#ffffff,#ffffff,#ffffff,#ffffff,#000000,#ffffff,#ffffff
#ffffff,#ffffff,#ffffff,#ffffff,#ffffff,#ffffff,#ffffff,#ffffff,#ffffff,#ffffff,#ffffff,#ffffff,#ffffff,#ffffff,#ffffff,#ffffff,#ffffff,#ffffff,#ffffff,#ffffff,#ffffff,#000000,#ffffff,#ffffff
#ffffff,#ffffff,#ffffff,#ffffff,#ffffff,#ffffff,#ffffff,#ffffff,#ffffff,#ffffff,#ffffff,#ffffff,#ffffff,#ffffff,#ffffff,#ffffff,#ffffff,#ffffff,#ffffff,#ffffff,#ffffff,#000000,#ffffff,#ffffff
#ffffff,#ffffff,#ffffff,#ffffff,#ffffff,#ffffff,#ffffff,#ffffff,#ffffff,#ffffff,#ffffff,#ffffff,#ffffff,#ffffff,#ffffff,#ffffff,#ffffff,#ffffff,#ffffff,#ffffff,#ffffff,#000000,#ffffff,#ffffff
#ffffff,#ffffff,#ffffff,#ffffff,#ffffff,#ffffff,#ffffff,#ffffff,#ffffff,#ffffff,#ffffff,#ffffff,#ffffff,#ffffff,#ffffff,#ffffff,#ffffff,#ffffff,#ffffff,#ffffff,#ffffff,#000000,#ffffff,#ffffff
#ffffff,#ffffff,#ffffff,#ffffff,#ffffff,#ffffff,#ffffff,#ffffff,#ffffff,#ffffff,#ffffff,#ffffff,#ffffff,#ffffff,#ffffff,#ffffff,#ffffff,#ffffff,#ffffff,#ffffff,#ffffff,#000000,#ffffff,#ffffff
#ffffff,#ffffff,#ffffff,#ffffff,#ffffff,#ffffff,#ffffff,#ffffff,#ffffff,#ffffff,#ffffff,#ffffff,#ffffff,#ffffff,#ffffff,#ffffff,#ffffff,#ffffff,#ffffff,#ffffff,#ffffff,#000000,#ffffff,#ffffff
#ffffff,#ffffff,#ffffff,#ffffff,#ffffff,#ffffff,#ffffff,#ffffff,#ffffff,#ffffff,#ffffff,#ffffff,#ffffff,#ffffff,#ffffff,#ffffff,#ffffff,#ffffff,#ffffff,#ffffff,#ffffff,#000000,#ffffff,#ffffff
#ffffff,#ffffff,#ffffff,#ffffff,#ffffff,#ffffff,#ffffff,#ffffff,#ffffff,#ffffff,#ffffff,#ffffff,#ffffff,#ffffff,#ffffff,#ffffff,#ffffff,#ffffff,#ffffff,#ffffff,#ffffff,#000000,#ffffff,#ffffff
#ffffff,#ffffff,#ffffff,#ffffff,#ffffff,#ffffff,#ffffff,#ffffff,#ffffff,#ffffff,#ffffff,#ffffff,#ffffff,#ffffff,#ffffff,#ffffff,#ffffff,#ffffff,#ffffff,#ffffff,#ffffff,#000000,#ffffff,#ffffff
#ffffff,#ffffff,#ffffff,#ffffff,#ffffff,#ffffff,#ffffff,#ffffff,#ffffff,#ffffff,#ffffff,#ffffff,#ffffff,#ffffff,#ffffff,#ffffff,#ffffff,#ffffff,#ffffff,#ffffff,#ffffff,#000000,#ffffff,#ffffff
#ffffff,#ffffff,#ffffff,#ffffff,#ffffff,#ffffff,#ffffff,#ffffff,#ffffff,#ffffff,#ffffff,#ffffff,#ffffff,#ffffff,#ffffff,#ffffff,#ffffff,#ffffff,#ffffff,#ffffff,#ffffff,#000000,#ffffff,#ffffff
#ffffff,#ffffff,#ffffff,#ffffff,#ffffff,#ffffff,#ffffff,#ffffff,#ffffff,#ffffff,#ffffff,#ffffff,#ffffff,#ffffff,#ffffff,#ffffff,#ffffff,#ffffff,#ffffff,#ffffff,#ffffff,#000000,#ffffff,#ffffff
#ffffff,#ffffff,#ffffff,#ffffff,#ffffff,#ffffff,#ffffff,#ffffff,#ffffff,#ffffff,#ffffff,#ffffff,#ffffff,#ffffff,#ffffff,#ffffff,#ffffff,#ffffff,#ffffff,#ffffff,#ffffff,#000000,#ffffff,#ffffff
#ffffff,#ffffff,#ffffff,#ffffff,#ffffff,#ffffff,#ffffff,#ffffff,#ffffff,#ffffff,#ffffff,#ffffff,#ffffff,#ffffff,#ffffff,#ffffff,#ffffff,#ffffff,#ffffff,#ffffff,#ffffff,#000000,#ffffff,#ffffff
#ffffff,#ffffff,#ffffff,#ffffff,#ffffff,#ffffff,#ffffff,#ffffff,#ffffff,#ffffff,#ffffff,#ffffff,#ffffff,#ffffff,#ffffff,#ffffff,#ffffff,#ffffff,#ffffff,#ffffff,#ffffff,#000000,#ffffff,#ffffff
#ffffff,#ffffff,#ffffff,#ffffff,#ffffff,#ffffff,#ffffff,#ffffff,#ffffff,#ffffff,#ffffff,#ffffff,#ffffff,#ffffff,#ffffff,#ffffff,#ffffff,#ffffff,#ffffff,#ffffff,#ffffff,#000000,#ffffff,#ffffff
#ffffff,#ffffff,#ffffff,#ffffff,#ffffff,#ffffff,#ffffff,#ffffff,#ffffff,#ffffff,#ffffff,#ffffff,#ffffff,#ffffff,#ffffff,#ffffff,#ffffff,#ffffff,#ffffff,#ffffff,#ffffff,#ffffff,#000000,#ffffff
#ffffff,#ffffff,#ffffff,#ffffff,#ffffff,#ffffff,#ffffff,#ffffff,#ffffff,#ffffff,#ffffff,#ffffff,#ffffff,#ffffff,#ffffff,#ffffff,#ffffff,#ffffff,#ffffff,#ffffff,#ffffff,#ffffff,#000000,#ffffff
#ffffff,#ffffff,#ffffff,#ffffff,#ffffff,#ffffff,#ffffff,#ffffff,#ffffff,#ffffff,#ffffff,#ffffff,#ffffff,#ffffff,#ffffff,#ffffff,#ffffff,#ffffff,#ffffff,#ffffff,#ffffff,#ffffff,#000000,#ffffff
#ffffff,#ffffff,#ffffff,#ffffff,#ffffff,#ffffff,#ffffff,#ffffff,#ffffff,#ffffff,#ffffff,#ffffff,#ffffff,#ffffff,#ffffff,#ffffff,#ffffff,#ffffff,#ffffff,#ffffff,#ffffff,#ffffff,#000000,#ffffff
#ffffff,#ffffff,#ffffff,#ffffff,#ffffff,#ffffff,#ffffff,#ffffff,#ffffff,#ffffff,#ffffff,#ffffff,#ffffff,#ffffff,#ffffff,#ffffff,#ffffff,#ffffff,#ffffff,#ffffff,#ffffff,#ffffff,#000000,#ffffff
#ffffff,#ffffff,#ffffff,#ffffff,#ffffff,#ffffff,#ffffff,#ffffff,#ffffff,#ffffff,#ffffff,#ffffff,#ffffff,#ffffff,#ffffff,#ffffff,#ffffff,#ffffff,#ffffff,#ffffff,#ffffff,#ffffff,#000000,#ffffff
#ffffff,#ffffff,#ffffff,#ffffff,#ffffff,#ffffff,#ffffff,#ffffff,#ffffff,#ffffff,#ffffff,#ffffff,#ffffff,#ffffff,#ffffff,#ffffff,#ffffff,#ffffff,#ffffff,#ffffff,#ffffff,#ffffff,#000000,#ffffff
#ffffff,#ffffff,#ffffff,#ffffff,#ffffff,#ffffff,#ffffff,#ffffff,#ffffff,#ffffff,#ffffff,#ffffff,#ffffff,#ffffff,#ffffff,#ffffff,#ffffff,#ffffff,#ffffff,#ffffff,#ffffff,#ffffff,#000000,#ffffff
#ffffff,#ffffff,#ffffff,#ffffff,#ffffff,#ffffff,#ffffff,#ffffff,#ffffff,#ffffff,#ffffff,#ffffff,#ffffff,#ffffff,#ffffff,#ffffff,#ffffff,#ffffff,#ffffff,#ffffff,#ffffff,#ffffff,#000000,#ffffff
#ffffff,#ffffff,#ffffff,#ffffff,#ffffff,#ffffff,#ffffff,#ffffff,#ffffff,#ffffff,#ffffff,#ffffff,#ffffff,#ffffff,#ffffff,#ffffff,#ffffff,#ffffff,#ffffff,#ffffff,#ffffff,#ffffff,#000000,#ffffff
#ffffff,#ffffff,#ffffff,#ffffff,#ffffff,#ffffff,#ffffff,#ffffff,#ffffff,#ffffff,#ffffff,#ffffff,#ffffff,#ffffff,#ffffff,#ffffff,#ffffff,#ffffff,#ffffff,#ffffff,#ffffff,#ffffff,#000000,#ffffff
#ffffff,#ffffff,#ffffff,#ffffff,#ffffff,#ffffff,#ffffff,#ffffff,#ffffff,#ffffff,#ffffff,#ffffff,#ffffff,#ffffff,#ffffff,#ffffff,#ffffff,#ffffff,#ffffff,#ffffff,#ffffff,#ffffff,#000000,#ffffff
#ffffff,#ffffff,#ffffff,#ffffff,#ffffff,#ffffff,#ffffff,#ffffff,#ffffff,#ffffff,#ffffff,#ffffff,#ffffff,#ffffff,#ffffff,#ffffff,#ffffff,#ffffff,#ffffff,#ffffff,#ffffff,#ffffff,#000000,#ffffff
#ffffff,#ffffff,#ffffff,#ffffff,#ffffff,#ffffff,#ffffff,#ffffff,#ffffff,#ffffff,#ffffff,#ffffff,#ffffff,#ffffff,#ffffff,#ffffff,#ffffff,#ffffff,#ffffff,#ffffff,#ffffff,#ffffff,#000000,#ffffff
#ffffff,#ffffff,#ffffff,#ffffff,#ffffff,#ffffff,#ffffff,#ffffff,#ffffff,#ffffff,#ffffff,#ffffff,#ffffff,#ffffff,#ffffff,#ffffff,#ffffff,#ffffff,#ffffff,#ffffff,#ffffff,#ffffff,#000000,#ffffff
#ffffff,#ffffff,#ffffff,#ffffff,#ffffff,#ffffff,#ffffff,#ffffff,#ffffff,#ffffff,#ffffff,#ffffff,#ffffff,#ffffff,#ffffff,#ffffff,#ffffff,#ffffff,#ffffff,#ffffff,#ffffff,#ffffff,#000000,#ffffff
#ffffff,#ffffff,#ffffff,#ffffff,#ffffff,#ffffff,#ffffff,#ffffff,#ffffff,#ffffff,#ffffff,#ffffff,#ffffff,#ffffff,#ffffff,#ffffff,#ffffff,#ffffff,#ffffff,#ffffff,#ffffff,#ffffff,#000000,#ffffff
#ffffff,#ffffff,#ffffff,#ffffff,#ffffff,#ffffff,#ffffff,#ffffff,#ffffff,#ffffff,#ffffff,#ffffff,#ffffff,#ffffff,#ffffff,#ffffff,#ffffff,#ffffff,#ffffff,#ffffff,#ffffff,#ffffff,#000000,#ffffff
#ffffff,#ffffff,#ffffff,#ffffff,#ffffff,#ffffff,#ffffff,#ffffff,#ffffff,#ffffff,#ffffff,#ffffff,#ffffff,#ffffff,#ffffff,#ffffff,#ffffff,#ffffff,#ffffff,#ffffff,#ffffff,#ffffff,#ffffff,#000000
#ffffff,#ffffff,#ffffff,#ffffff,#ffffff,#ffffff,#ffffff,#ffffff,#ffffff,#ffffff,#ffffff,#ffffff,#ffffff,#ffffff,#ffffff,#ffffff,#ffffff,#ffffff,#ffffff,#ffffff,#ffffff,#ffffff,#ffffff,#000000
#ffffff,#ffffff,#ffffff,#ffffff,#ffffff,#ffffff,#ffffff,#ffffff,#ffffff,#ffffff,#ffffff,#ffffff,#ffffff,#ffffff,#ffffff,#ffffff,#ffffff,#ffffff,#ffffff,#ffffff,#ffffff,#ffffff,#ffffff,#000000
#ffffff,#ffffff,#ffffff,#ffffff,#ffffff,#ffffff,#ffffff,#ffffff,#ffffff,#ffffff,#ffffff,#ffffff,#ffffff,#ffffff,#ffffff,#ffffff,#ffffff,#ffffff,#ffffff,#ffffff,#ffffff,#ffffff,#ffffff,#000000
#ffffff,#ffffff,#ffffff,#ffffff,#ffffff,#ffffff,#ffffff,#ffffff,#ffffff,#ffffff,#ffffff,#ffffff,#ffffff,#ffffff,#ffffff,#ffffff,#ffffff,#ffffff,#ffffff,#ffffff,#ffffff,#ffffff,#ffffff,#000000
#ffffff,#ffffff,#ffffff,#ffffff,#ffffff,#ffffff,#ffffff,#ffffff,#ffffff,#ffffff,#ffffff,#ffffff,#ffffff,#ffffff,#ffffff,#ffffff,#ffffff,#ffffff,#ffffff,#ffffff,#ffffff,#ffffff,#ffffff,#000000
#ffffff,#ffffff,#ffffff,#ffffff,#ffffff,#ffffff,#ffffff,#ffffff,#ffffff,#ffffff,#ffffff,#ffffff,#ffffff,#ffffff,#ffffff,#ffffff,#ffffff,#ffffff,#ffffff,#ffffff,#ffffff,#ffffff,#ffffff,#000000
#ffffff,#ffffff,#ffffff,#ffffff,#ffffff,#ffffff,#ffffff,#ffffff,#ffffff,#ffffff,#ffffff,#ffffff,#ffffff,#ffffff,#ffffff,#ffffff,#ffffff,#ffffff,#ffffff,#ffffff,#ffffff,#ffffff,#ffffff,#000000
#ffffff,#ffffff,#ffffff,#ffffff,#ffffff,#ffffff,#ffffff,#ffffff,#ffffff,#ffffff,#ffffff,#ffffff,#ffffff,#ffffff,#ffffff,#ffffff,#ffffff,#ffffff,#ffffff,#ffffff,#ffffff,#ffffff,#ffffff,#000000
#ffffff,#ffffff,#ffffff,#ffffff,#ffffff,#ffffff,#ffffff,#ffffff,#ffffff,#ffffff,#ffffff,#ffffff,#ffffff,#ffffff,#ffffff,#ffffff,#ffffff,#ffffff,#ffffff,#ffffff,#ffffff,#ffffff,#ffffff,#000000
#ffffff,#ffffff,#ffffff,#ffffff,#ffffff,#ffffff,#ffffff,#ffffff,#ffffff,#ffffff,#ffffff,#ffffff,#ffffff,#ffffff,#ffffff,#ffffff,#ffffff,#ffffff,#ffffff,#ffffff,#ffffff,#ffffff,#ffffff,#000000
#ffffff,#ffffff,#ffffff,#ffffff,#ffffff,#ffffff,#ffffff,#ffffff,#ffffff,#ffffff,#ffffff,#ffffff,#ffffff,#ffffff,#ffffff,#ffffff,#ffffff,#ffffff,#ffffff,#ffffff,#ffffff,#ffffff,#ffffff,#000000
#ffffff,#ffffff,#ffffff,#ffffff,#ffffff,#ffffff,#ffffff,#ffffff,#ffffff,#ffffff,#ffffff,#ffffff,#ffffff,#ffffff,#ffffff,#ffffff,#ffffff,#ffffff,#ffffff,#ffffff,#ffffff,#ffffff,#ffffff,#000000
#ffffff,#ffffff,#ffffff,#ffffff,#ffffff,#ffffff,#ffffff,#ffffff,#ffffff,#ffffff,#ffffff,#ffffff,#ffffff,#ffffff,#ffffff,#ffffff,#ffffff,#ffffff,#ffffff,#ffffff,#ffffff,#ffffff,#ffffff,#000000
#ffffff,#ffffff,#ffffff,#ffffff,#ffffff,#ffffff,#ffffff,#ffffff,#ffffff,#ffffff,#ffffff,#ffffff,#ffffff,#ffffff,#ffffff,#ffffff,#ffffff,#ffffff,#ffffff,#ffffff,#ffffff,#ffffff,#ffffff,#000000
#ffffff,#ffffff,#ffffff,#ffffff,#ffffff,#ffffff,#ffffff,#ffffff,#ffffff,#ffffff,#ffffff,#ffffff,#ffffff,#ffffff,#ffffff,#ffffff,#ffffff,#ffffff,#ffffff,#ffffff,#ffffff,#ffffff,#ffffff,#000000
#ffffff,#ffffff,#ffffff,#ffffff,#ffffff,#ffffff,#ffffff,#ffffff,#ffffff,#ffffff,#ffffff,#ffffff,#ffffff,#ffffff,#ffffff,#ffffff,#ffffff,#ffffff,#ffffff,#ffffff,#ffffff,#ffffff,#ffffff,#000000
#ffffff,#ffffff,#ffffff,#ffffff,#ffffff,#ffffff,#ffffff,#ffffff,#ffffff,#ffffff,#ffffff,#ffffff,#ffffff,#ffffff,#ffffff,#ffffff,#ffffff,#ffffff,#ffffff,#ffffff,#ffffff,#ffffff,#ffffff,#000000
